0.29151418255007366,0.28020513496938293,0.2976827631801531,0.3165601622936127,0.2914563121096927,0.296659182842943,0.2650225977998023,0.27228998151193096,0.2716224256267818,0.27465986902555695,0.27370353640492806,0.27439962250083394,0.26912762393937883,0.2835049038722024,0.2929961163127554
0.296659182842943,0.2650225977998023,0.27228998151193096,0.2716224256267818,0.27465986902555695,0.27370353640492806,0.27439962250083394,0.26912762393937883,0.2835049038722024,0.2929961163127554,0.2881661340532025,0.29493081407019617,0.29458147785405886,0.2928522113833981,0.29922325229323665
0.27370353640492806,0.27439962250083394,0.26912762393937883,0.2835049038722024,0.2929961163127554,0.2881661340532025,0.29493081407019617,0.29458147785405886,0.2928522113833981,0.29922325229323665,0.31048937361309625,0.29640763573588,0.2946740117714377,0.3162495791526273,0.3187801467479825
0.2881661340532025,0.29493081407019617,0.29458147785405886,0.2928522113833981,0.29922325229323665,0.31048937361309625,0.29640763573588,0.2946740117714377,0.3162495791526273,0.3187801467479825,0.32374512753760415,0.32575655903873835,0.3238601174816983,0.32769961518471424,0.31917748598408024
0.31048937361309625,0.29640763573588,0.2946740117714377,0.3162495791526273,0.3187801467479825,0.32374512753760415,0.32575655903873835,0.3238601174816983,0.32769961518471424,0.31917748598408024,0.308333479344312,0.30782149683191107,0.3079111615789372,0.3159205865107402,0.3160230253457932
0.32374512753760415,0.32575655903873835,0.3238601174816983,0.32769961518471424,0.31917748598408024,0.308333479344312,0.30782149683191107,0.3079111615789372,0.3159205865107402,0.3160230253457932,0.3190733362863638,0.31120389355564304,0.309065165712744,0.3067704166605092,0.3170511924755667
0.308333479344312,0.30782149683191107,0.3079111615789372,0.3159205865107402,0.3160230253457932,0.3190733362863638,0.31120389355564304,0.309065165712744,0.3067704166605092,0.3170511924755667,0.312339784097207,0.29902407563575883,0.30623241746336805,0.288123623537511,0.27417811537358305
0.3190733362863638,0.31120389355564304,0.309065165712744,0.3067704166605092,0.3170511924755667,0.312339784097207,0.29902407563575883,0.30623241746336805,0.288123623537511,0.27417811537358305,0.2770525339609308,0.2753262975526259,0.2704507218514015,0.2716750972608583,0.25725791446477464
0.312339784097207,0.29902407563575883,0.30623241746336805,0.288123623537511,0.27417811537358305,0.2770525339609308,0.2753262975526259,0.2704507218514015,0.2716750972608583,0.25725791446477464,0.25355561369442486,0.243801618558246,0.2504705790831826,0.2433087083209829,0.26454896370774694
0.2770525339609308,0.2753262975526259,0.2704507218514015,0.2716750972608583,0.25725791446477464,0.25355561369442486,0.243801618558246,0.2504705790831826,0.2433087083209829,0.26454896370774694,0.28447163151606636,0.24449268389958634,0.2553065585763442,0.25769960520103663,0.23380149542076126
0.25355561369442486,0.243801618558246,0.2504705790831826,0.2433087083209829,0.26454896370774694,0.28447163151606636,0.24449268389958634,0.2553065585763442,0.25769960520103663,0.23380149542076126,0.0853019845753719,0.18754585756846986,0.24272757999516403,0.24952591280751268,0.2358919704965049
0.28447163151606636,0.24449268389958634,0.2553065585763442,0.25769960520103663,0.23380149542076126,0.0853019845753719,0.18754585756846986,0.24272757999516403,0.24952591280751268,0.2358919704965049,0.24339835685698,0.22983527244874735,0.23736146008227224,0.25045146561568454,0.23969597833638862
0.0853019845753719,0.18754585756846986,0.24272757999516403,0.24952591280751268,0.2358919704965049,0.24339835685698,0.22983527244874735,0.23736146008227224,0.25045146561568454,0.23969597833638862,0.25391953522487243,0.24476140231310323,0.23333980245035596,0.24019246448536147,0.22054967133611633
0.24339835685698,0.22983527244874735,0.23736146008227224,0.25045146561568454,0.23969597833638862,0.25391953522487243,0.24476140231310323,0.23333980245035596,0.24019246448536147,0.22054967133611633,0.24555452620979323,0.25664784182955747,0.2443588062274507,0.24306108123406628,0.23069163361933256
0.25391953522487243,0.24476140231310323,0.23333980245035596,0.24019246448536147,0.22054967133611633,0.24555452620979323,0.25664784182955747,0.2443588062274507,0.24306108123406628,0.23069163361933256,0.23895594411796392,0.23363168966695208,0.22812462201096687,0.23995733671157057,0.25366290208306314
0.24555452620979323,0.25664784182955747,0.2443588062274507,0.24306108123406628,0.23069163361933256,0.23895594411796392,0.23363168966695208,0.22812462201096687,0.23995733671157057,0.25366290208306314,0.24079421887559072,0.22902186435318822,0.22170620978998612,0.21455355592128159,0.2330289567670556
0.23895594411796392,0.23363168966695208,0.22812462201096687,0.23995733671157057,0.25366290208306314,0.24079421887559072,0.22902186435318822,0.22170620978998612,0.21455355592128159,0.2330289567670556,0.252277916731866,0.24531471914979983,0.24026174760781135,0.2216415118240842,0.14357455772101707
0.24079421887559072,0.22902186435318822,0.22170620978998612,0.21455355592128159,0.2330289567670556,0.252277916731866,0.24531471914979983,0.24026174760781135,0.2216415118240842,0.14357455772101707,0.16790844734289467,0.20859688337723453,0.21159701453440088,0.23015794244094617,0.23475859645429192
0.252277916731866,0.24531471914979983,0.24026174760781135,0.2216415118240842,0.14357455772101707,0.16790844734289467,0.20859688337723453,0.21159701453440088,0.23015794244094617,0.23475859645429192,0.2518922833581105,0.11133743033663623,0.08989423014641242,0.1746621766983391,0.21780406409277336
0.16790844734289467,0.20859688337723453,0.21159701453440088,0.23015794244094617,0.23475859645429192,0.2518922833581105,0.11133743033663623,0.08989423014641242,0.1746621766983391,0.21780406409277336,0.22868522317455048,0.24082560015239152,0.24264526703415856,0.26598331755258986,0.25129183881695666
0.2518922833581105,0.11133743033663623,0.08989423014641242,0.1746621766983391,0.21780406409277336,0.22868522317455048,0.24082560015239152,0.24264526703415856,0.26598331755258986,0.25129183881695666,0.2242869693955596,0.24740676049139104,0.23802270791072414,0.2314491728014951,0.23972971814058594
0.22868522317455048,0.24082560015239152,0.24264526703415856,0.26598331755258986,0.25129183881695666,0.2242869693955596,0.24740676049139104,0.23802270791072414,0.2314491728014951,0.23972971814058594,0.22896499041142648,0.2425832666699603,0.23267064827786416,0.22392533060538422,0.229036042572093
0.2242869693955596,0.24740676049139104,0.23802270791072414,0.2314491728014951,0.23972971814058594,0.22896499041142648,0.2425832666699603,0.23267064827786416,0.22392533060538422,0.229036042572093,0.21975090709298845,0.22736512947984294,0.2271611404537211,0.22099202431596038,0.23303244524169445
0.22896499041142648,0.2425832666699603,0.23267064827786416,0.22392533060538422,0.229036042572093,0.21975090709298845,0.22736512947984294,0.2271611404537211,0.22099202431596038,0.23303244524169445,0.23303420376932948,0.23689232255661638,0.23615601570689213,0.22655867299076327,0.23442178283029208
0.21975090709298845,0.22736512947984294,0.2271611404537211,0.22099202431596038,0.23303244524169445,0.23303420376932948,0.23689232255661638,0.23615601570689213,0.22655867299076327,0.23442178283029208,0.2512627797489448,0.2396762344108702,0.237141877977883,0.22635529228777496,0.254353276941522
0.23303420376932948,0.23689232255661638,0.23615601570689213,0.22655867299076327,0.23442178283029208,0.2512627797489448,0.2396762344108702,0.237141877977883,0.22635529228777496,0.254353276941522,0.24638690068693647,0.24040307277580375,0.24141068690185924,0.14818586387595836,0.21005470739814047
0.2512627797489448,0.2396762344108702,0.237141877977883,0.22635529228777496,0.254353276941522,0.24638690068693647,0.24040307277580375,0.24141068690185924,0.14818586387595836,0.21005470739814047,0.2378661192840944,0.24856009967902754,0.2696357363140697,0.2458707820818366,0.22984765687040168
0.24638690068693647,0.24040307277580375,0.24141068690185924,0.14818586387595836,0.21005470739814047,0.2378661192840944,0.24856009967902754,0.2696357363140697,0.2458707820818366,0.22984765687040168,0.22509699558258206,0.2423270296333636,0.24269737245662182,0.23761079140641503,0.23201745223706038
0.2378661192840944,0.24856009967902754,0.2696357363140697,0.2458707820818366,0.22984765687040168,0.22509699558258206,0.2423270296333636,0.24269737245662182,0.23761079140641503,0.23201745223706038,0.2322238870718607,0.24125534794731202,0.24100513159517822,0.2544777365368437,0.24320572960341547
0.22509699558258206,0.2423270296333636,0.24269737245662182,0.23761079140641503,0.23201745223706038,0.2322238870718607,0.24125534794731202,0.24100513159517822,0.2544777365368437,0.24320572960341547,0.251342111514279,0.2593740550906464,0.25256244593390276,0.25857612704241906,0.2578239621120706
0.2322238870718607,0.24125534794731202,0.24100513159517822,0.2544777365368437,0.24320572960341547,0.251342111514279,0.2593740550906464,0.25256244593390276,0.25857612704241906,0.2578239621120706,0.2653049561241403,0.2365895060546136,0.23844624085163932,0.2493067646523224,0.2650844823816036
0.251342111514279,0.2593740550906464,0.25256244593390276,0.25857612704241906,0.2578239621120706,0.2653049561241403,0.2365895060546136,0.23844624085163932,0.2493067646523224,0.2650844823816036,0.25855419531015966,0.25640962526649125,0.1608940629053371,0.09330305367578623,0.20980209675038633
0.2653049561241403,0.2365895060546136,0.23844624085163932,0.2493067646523224,0.2650844823816036,0.25855419531015966,0.25640962526649125,0.1608940629053371,0.09330305367578623,0.20980209675038633,0.227710707097757,0.25425113973423613,0.2767278560403613,0.26200185012756577,0.27101207101510155
0.25855419531015966,0.25640962526649125,0.1608940629053371,0.09330305367578623,0.20980209675038633,0.227710707097757,0.25425113973423613,0.2767278560403613,0.26200185012756577,0.27101207101510155,0.27927431307823614,0.2578253148771505,0.2590146631571648,0.2651056060837632,0.24146711017635955
0.227710707097757,0.25425113973423613,0.2767278560403613,0.26200185012756577,0.27101207101510155,0.27927431307823614,0.2578253148771505,0.2590146631571648,0.2651056060837632,0.24146711017635955,0.2687170298327747,0.24454155662976484,0.0524162523175839,0.09558364866045149,0.18763939984917027
0.27927431307823614,0.2578253148771505,0.2590146631571648,0.2651056060837632,0.24146711017635955,0.2687170298327747,0.24454155662976484,0.0524162523175839,0.09558364866045149,0.18763939984917027,0.21677939100433116,0.2416846127585011,0.24621081155001895,0.2516493706075962,0.25247054225738264
0.2687170298327747,0.24454155662976484,0.0524162523175839,0.09558364866045149,0.18763939984917027,0.21677939100433116,0.2416846127585011,0.24621081155001895,0.2516493706075962,0.25247054225738264,0.26451051825735145,0.2551101841732688,0.26192834541147036,0.2874734366121734,0.279969721461371
0.21677939100433116,0.2416846127585011,0.24621081155001895,0.2516493706075962,0.25247054225738264,0.26451051825735145,0.2551101841732688,0.26192834541147036,0.2874734366121734,0.279969721461371,0.27967585830838865,0.2798218097030383,0.2805747920133854,0.2899623310940525,0.2647495884776039
0.26451051825735145,0.2551101841732688,0.26192834541147036,0.2874734366121734,0.279969721461371,0.27967585830838865,0.2798218097030383,0.2805747920133854,0.2899623310940525,0.2647495884776039,0.2724512338355528,0.26093921780750207,0.28085775962224513,0.27490830843040004,0.2824386556111244
0.27967585830838865,0.2798218097030383,0.2805747920133854,0.2899623310940525,0.2647495884776039,0.2724512338355528,0.26093921780750207,0.28085775962224513,0.27490830843040004,0.2824386556111244,0.2634005638446048,0.2765902920787795,0.2729181343289416,0.265651171442816,0.26817358784142553
0.2724512338355528,0.26093921780750207,0.28085775962224513,0.27490830843040004,0.2824386556111244,0.2634005638446048,0.2765902920787795,0.2729181343289416,0.265651171442816,0.26817358784142553,0.276199880106125,0.2919154401724532,0.28349833304195227,0.29369493649315237,0.2999146059193274
0.2634005638446048,0.2765902920787795,0.2729181343289416,0.265651171442816,0.26817358784142553,0.276199880106125,0.2919154401724532,0.28349833304195227,0.29369493649315237,0.2999146059193274,0.28212320802780766,0.2753834188694454,0.2636384422279454,0.27288405400076987,0.2719724493184077
0.276199880106125,0.2919154401724532,0.28349833304195227,0.29369493649315237,0.2999146059193274,0.28212320802780766,0.2753834188694454,0.2636384422279454,0.27288405400076987,0.2719724493184077,0.2762995772245147,0.2779359359539401,0.2475795360383241,0.27157756466107447,0.26960733683643734
0.28212320802780766,0.2753834188694454,0.2636384422279454,0.27288405400076987,0.2719724493184077,0.2762995772245147,0.2779359359539401,0.2475795360383241,0.27157756466107447,0.26960733683643734,0.2727873358681573,0.25054035615335646,0.07175599648499253,0.10209485132484417,0.2238055242718905
0.2762995772245147,0.2779359359539401,0.2475795360383241,0.27157756466107447,0.26960733683643734,0.2727873358681573,0.25054035615335646,0.07175599648499253,0.10209485132484417,0.2238055242718905,0.2218705643241779,0.2228146398794531,0.23809543757309543,0.23411532774674298,0.24508566953525934
0.2727873358681573,0.25054035615335646,0.07175599648499253,0.10209485132484417,0.2238055242718905,0.2218705643241779,0.2228146398794531,0.23809543757309543,0.23411532774674298,0.24508566953525934,0.23321373634727827,0.23430310211582261,0.2372461448272597,0.26057827615980655,0.2655554475479163
0.2218705643241779,0.2228146398794531,0.23809543757309543,0.23411532774674298,0.24508566953525934,0.23321373634727827,0.23430310211582261,0.2372461448272597,0.26057827615980655,0.2655554475479163,0.2755987863351129,0.26902461126677774,0.26607509201326257,0.2689219969005602,0.2687696013897646
0.23321373634727827,0.23430310211582261,0.2372461448272597,0.26057827615980655,0.2655554475479163,0.2755987863351129,0.26902461126677774,0.26607509201326257,0.2689219969005602,0.2687696013897646,0.25482851063135026,0.26412482134831927,0.26732681791552476,0.2719131440660862,0.26131046995446283
0.2755987863351129,0.26902461126677774,0.26607509201326257,0.2689219969005602,0.2687696013897646,0.25482851063135026,0.26412482134831927,0.26732681791552476,0.2719131440660862,0.26131046995446283,0.25868838642988423,0.25915588407022505,0.27158294810839884,0.27660706779326827,0.25949349382689124
0.25482851063135026,0.26412482134831927,0.26732681791552476,0.2719131440660862,0.26131046995446283,0.25868838642988423,0.25915588407022505,0.27158294810839884,0.27660706779326827,0.25949349382689124,0.22621986261968882,0.25335543254783777,0.2650450255505277,0.2628364324389082,0.25580618880883016
0.25868838642988423,0.25915588407022505,0.27158294810839884,0.27660706779326827,0.25949349382689124,0.22621986261968882,0.25335543254783777,0.2650450255505277,0.2628364324389082,0.25580618880883016,0.26225753804438656,0.25429914752133914,0.26298752003268466,0.2859444688135758,0.26540303823645633
0.22621986261968882,0.25335543254783777,0.2650450255505277,0.2628364324389082,0.25580618880883016,0.26225753804438656,0.25429914752133914,0.26298752003268466,0.2859444688135758,0.26540303823645633,0.2617251395826079,0.2584906996190927,0.2619469775622896,0.2606318409212259,0.2678205550859356
0.26225753804438656,0.25429914752133914,0.26298752003268466,0.2859444688135758,0.26540303823645633,0.2617251395826079,0.2584906996190927,0.2619469775622896,0.2606318409212259,0.2678205550859356,0.2653107335376506,0.2860252341892008,0.26522749080632846,0.2736202322471188,0.26416891465073256
0.2617251395826079,0.2584906996190927,0.2619469775622896,0.2606318409212259,0.2678205550859356,0.2653107335376506,0.2860252341892008,0.26522749080632846,0.2736202322471188,0.26416891465073256,0.2908454707215198,0.295955096995713,0.2919954824481179,0.2773959538735403,0.27655792065591345
0.2653107335376506,0.2860252341892008,0.26522749080632846,0.2736202322471188,0.26416891465073256,0.2908454707215198,0.295955096995713,0.2919954824481179,0.2773959538735403,0.27655792065591345,0.2725771049855977,0.2732590096738109,0.27027059782449947,0.2654204492638774,0.27213705397597165
0.2908454707215198,0.295955096995713,0.2919954824481179,0.2773959538735403,0.27655792065591345,0.2725771049855977,0.2732590096738109,0.27027059782449947,0.2654204492638774,0.27213705397597165,0.26218322274822015,0.2572024212825035,0.26414396883348124,0.25724044780575783,0.25777526434220926
0.2725771049855977,0.2732590096738109,0.27027059782449947,0.2654204492638774,0.27213705397597165,0.26218322274822015,0.2572024212825035,0.26414396883348124,0.25724044780575783,0.25777526434220926,0.23997312249641065,0.25333832119094446,0.26204939752016526,0.2621711946698513,0.2516573541576992
0.26218322274822015,0.2572024212825035,0.26414396883348124,0.25724044780575783,0.25777526434220926,0.23997312249641065,0.25333832119094446,0.26204939752016526,0.2621711946698513,0.2516573541576992,0.25020270730613253,0.25313520533147615,0.25386985460351114,0.24597338463862087,0.2560740445520361
0.23997312249641065,0.25333832119094446,0.26204939752016526,0.2621711946698513,0.2516573541576992,0.25020270730613253,0.25313520533147615,0.25386985460351114,0.24597338463862087,0.2560740445520361,0.26693094897724845,0.2814296280215819,0.26560933773215845,0.26006233392109224,0.26287591532902055
0.25020270730613253,0.25313520533147615,0.25386985460351114,0.24597338463862087,0.2560740445520361,0.26693094897724845,0.2814296280215819,0.26560933773215845,0.26006233392109224,0.26287591532902055,0.2640451704297351,0.2800779545975522,0.266124478971481,0.26566352846524827,0.2669554614371271
0.26693094897724845,0.2814296280215819,0.26560933773215845,0.26006233392109224,0.26287591532902055,0.2640451704297351,0.2800779545975522,0.266124478971481,0.26566352846524827,0.2669554614371271,0.27020923463860247,0.25816660297815813,0.14235125423478137,0.06915807220789619,0.18645569486959504
0.2640451704297351,0.2800779545975522,0.266124478971481,0.26566352846524827,0.2669554614371271,0.27020923463860247,0.25816660297815813,0.14235125423478137,0.06915807220789619,0.18645569486959504,0.22457506608416875,0.22775700322540748,0.244919602371717,0.24666067437739939,0.24535107121064936
0.27020923463860247,0.25816660297815813,0.14235125423478137,0.06915807220789619,0.18645569486959504,0.22457506608416875,0.22775700322540748,0.244919602371717,0.24666067437739939,0.24535107121064936,0.25580618880883016,0.25430063742316195,0.26084121054576764,0.24776528425762329,0.24974300683901096
0.22457506608416875,0.22775700322540748,0.244919602371717,0.24666067437739939,0.24535107121064936,0.25580618880883016,0.25430063742316195,0.26084121054576764,0.24776528425762329,0.24974300683901096,0.24349547903275198,0.2503718536632898,0.2581536223857837,0.2692734342264992,0.2431382963510899
0.25580618880883016,0.25430063742316195,0.26084121054576764,0.24776528425762329,0.24974300683901096,0.24349547903275198,0.2503718536632898,0.2581536223857837,0.2692734342264992,0.2431382963510899,0.2581234767424341,0.26160084721954063,0.27897438836502125,0.26249475834792024,0.2554967781977523
0.24349547903275198,0.2503718536632898,0.2581536223857837,0.2692734342264992,0.2431382963510899,0.2581234767424341,0.26160084721954063,0.27897438836502125,0.26249475834792024,0.2554967781977523,0.23654069353489618,0.2407816260900003,0.25437182510335626,0.2307674379549579,0.23806161555120542
0.2581234767424341,0.26160084721954063,0.27897438836502125,0.26249475834792024,0.2554967781977523,0.23654069353489618,0.2407816260900003,0.25437182510335626,0.2307674379549579,0.23806161555120542,0.24031101241077352,0.2220610546384953,0.0711730070636431,0.1319718522298114,0.20989557630794237
0.23654069353489618,0.2407816260900003,0.25437182510335626,0.2307674379549579,0.23806161555120542,0.24031101241077352,0.2220610546384953,0.0711730070636431,0.1319718522298114,0.20989557630794237,0.22383293447466945,0.21722006049930545,0.23683451612514933,0.2448285742751921,0.25468727400819713
0.24031101241077352,0.2220610546384953,0.0711730070636431,0.1319718522298114,0.20989557630794237,0.22383293447466945,0.21722006049930545,0.23683451612514933,0.2448285742751921,0.25468727400819713,0.24556716145651275,0.24468152264556298,0.2436794108079899,0.2442617056321036,0.2500094080285088
0.22383293447466945,0.21722006049930545,0.23683451612514933,0.2448285742751921,0.25468727400819713,0.24556716145651275,0.24468152264556298,0.2436794108079899,0.2442617056321036,0.2500094080285088,0.25865893635259957,0.1332083659482251,0.09898854016779954,0.19778193940635047,0.20507359186080906
0.24556716145651275,0.24468152264556298,0.2436794108079899,0.2442617056321036,0.2500094080285088,0.25865893635259957,0.1332083659482251,0.09898854016779954,0.19778193940635047,0.20507359186080906,0.2127052915551247,0.22300281300691774,0.23067498086821228,0.2296293634013244,0.23130253139342347
0.25865893635259957,0.1332083659482251,0.09898854016779954,0.19778193940635047,0.20507359186080906,0.2127052915551247,0.22300281300691774,0.23067498086821228,0.2296293634013244,0.23130253139342347,0.254574939322324,0.2582161313704011,0.25135353106717084,0.2379466292029101,0.2651752868561505
0.2127052915551247,0.22300281300691774,0.23067498086821228,0.2296293634013244,0.23130253139342347,0.254574939322324,0.2582161313704011,0.25135353106717084,0.2379466292029101,0.2651752868561505,0.25100421646250826,0.2584152729610244,0.2687670371463011,0.2577458679457754,0.2594048297850148
0.254574939322324,0.2582161313704011,0.25135353106717084,0.2379466292029101,0.2651752868561505,0.25100421646250826,0.2584152729610244,0.2687670371463011,0.2577458679457754,0.2594048297850148,0.2440587656938299,0.2464597311381535,0.2651930400072938,0.06656044557898443,0.11287658026449665
0.25100421646250826,0.2584152729610244,0.2687670371463011,0.2577458679457754,0.2594048297850148,0.2440587656938299,0.2464597311381535,0.2651930400072938,0.06656044557898443,0.11287658026449665,0.21583245326013606,0.23955348135624624,0.23581604097454767,0.226817693840565,0.2326474172720639
0.2440587656938299,0.2464597311381535,0.2651930400072938,0.06656044557898443,0.11287658026449665,0.21583245326013606,0.23955348135624624,0.23581604097454767,0.226817693840565,0.2326474172720639,0.24767650607383035,0.23316873381559822,0.22747267327097712,0.23409454242167715,0.260640632779164
0.21583245326013606,0.23955348135624624,0.23581604097454767,0.226817693840565,0.2326474172720639,0.24767650607383035,0.23316873381559822,0.22747267327097712,0.23409454242167715,0.260640632779164,0.25889615386125864,0.2473685223475831,0.22687644599657703,0.24367887874075428,0.2551931880215476
0.24767650607383035,0.23316873381559822,0.22747267327097712,0.23409454242167715,0.260640632779164,0.25889615386125864,0.2473685223475831,0.22687644599657703,0.24367887874075428,0.2551931880215476,0.2623460485886819,0.24833996439320455,0.24701450699658,0.22954490038036102,0.2334916115291131
0.25889615386125864,0.2473685223475831,0.22687644599657703,0.24367887874075428,0.2551931880215476,0.2623460485886819,0.24833996439320455,0.24701450699658,0.22954490038036102,0.2334916115291131,0.24392794826579778,0.23833077066504085,0.25139742863777464,0.24724150170425985,0.24250946082572755
0.2623460485886819,0.24833996439320455,0.24701450699658,0.22954490038036102,0.2334916115291131,0.24392794826579778,0.23833077066504085,0.25139742863777464,0.24724150170425985,0.24250946082572755,0.2286332731539032,0.23611864988415188,0.22610863665222197,0.22591568346282478,0.24835379339582603
0.24392794826579778,0.23833077066504085,0.25139742863777464,0.24724150170425985,0.24250946082572755,0.2286332731539032,0.23611864988415188,0.22610863665222197,0.22591568346282478,0.24835379339582603,0.23701367061009626,0.23400832511282393,0.2443084563254996,0.2294497647622747,0.23216220861720727
0.2286332731539032,0.23611864988415188,0.22610863665222197,0.22591568346282478,0.24835379339582603,0.23701367061009626,0.23400832511282393,0.2443084563254996,0.2294497647622747,0.23216220861720727,0.25174746193460323,0.2553486709135811,0.259770681427918,0.25919632904242007,0.24012519944593064
0.23701367061009626,0.23400832511282393,0.2443084563254996,0.2294497647622747,0.23216220861720727,0.25174746193460323,0.2553486709135811,0.259770681427918,0.25919632904242007,0.24012519944593064,0.24812795816606714,0.2422945409284494,0.24572764646984158,0.2493668801724444,0.24514285921578427
0.25174746193460323,0.2553486709135811,0.259770681427918,0.25919632904242007,0.24012519944593064,0.24812795816606714,0.2422945409284494,0.24572764646984158,0.2493668801724444,0.24514285921578427,0.23752052074646257,0.21563102328190942,0.21662624067475522,0.22752399522383177,0.23339698530228764
0.24812795816606714,0.2422945409284494,0.24572764646984158,0.2493668801724444,0.24514285921578427,0.23752052074646257,0.21563102328190942,0.21662624067475522,0.22752399522383177,0.23339698530228764,0.24460946480116427,0.23579540207694388,0.22115319718736082,0.21608889174219958,0.22554027883259348
0.23752052074646257,0.21563102328190942,0.21662624067475522,0.22752399522383177,0.23339698530228764,0.24460946480116427,0.23579540207694388,0.22115319718736082,0.21608889174219958,0.22554027883259348,0.2022107719796442,0.2072230303063398,0.2225784963481724,0.24050146408782463,0.24935567538163822
0.24460946480116427,0.23579540207694388,0.22115319718736082,0.21608889174219958,0.22554027883259348,0.2022107719796442,0.2072230303063398,0.2225784963481724,0.24050146408782463,0.24935567538163822,0.2305635413111321,0.2400816470620225,0.2310181833725033,0.22209648379522523,0.23157210027290037
0.2022107719796442,0.2072230303063398,0.2225784963481724,0.24050146408782463,0.24935567538163822,0.2305635413111321,0.2400816470620225,0.2310181833725033,0.22209648379522523,0.23157210027290037,0.24160810894075516,0.22916104964247455,0.23859884087893266,0.22873139259067315,0.23447842574680114
0.2305635413111321,0.2400816470620225,0.2310181833725033,0.22209648379522523,0.23157210027290037,0.24160810894075516,0.22916104964247455,0.23859884087893266,0.22873139259067315,0.23447842574680114,0.2340254238701479,0.24144174100490484,0.2464479236179049,0.2416772472685041,0.21885843145392528
0.24160810894075516,0.22916104964247455,0.23859884087893266,0.22873139259067315,0.23447842574680114,0.2340254238701479,0.24144174100490484,0.2464479236179049,0.2416772472685041,0.21885843145392528,0.22603265417829155,0.21928928350243082,0.09603330324192226,0.07183087263930305,0.21526177351291514
0.2340254238701479,0.24144174100490484,0.2464479236179049,0.2416772472685041,0.21885843145392528,0.22603265417829155,0.21928928350243082,0.09603330324192226,0.07183087263930305,0.21526177351291514,0.22958489081333128,0.2483726241519711,0.22237728670335577,0.23061599940480298,0.22537277668550182
0.22603265417829155,0.21928928350243082,0.09603330324192226,0.07183087263930305,0.21526177351291514,0.22958489081333128,0.2483726241519711,0.22237728670335577,0.23061599940480298,0.22537277668550182,0.2393327514585205,0.22610863665222197,0.25007636635891506,0.23383347750972383,0.22001653438255203
0.22958489081333128,0.2483726241519711,0.22237728670335577,0.23061599940480298,0.22537277668550182,0.2393327514585205,0.22610863665222197,0.25007636635891506,0.23383347750972383,0.22001653438255203,0.2271734628937354,0.2461181809115514,0.24015061661675208,0.25847903331465405,0.24418183239726426
0.2393327514585205,0.22610863665222197,0.25007636635891506,0.23383347750972383,0.22001653438255203,0.2271734628937354,0.2461181809115514,0.24015061661675208,0.25847903331465405,0.24418183239726426,0.22398784623419155,0.2325781774883564,0.23658725465741137,0.24484451515458813,0.24389165687322062
0.2271734628937354,0.2461181809115514,0.24015061661675208,0.25847903331465405,0.24418183239726426,0.22398784623419155,0.2325781774883564,0.23658725465741137,0.24484451515458813,0.24389165687322062,0.24899427873282182,0.24793990297380952,0.24666986639260974,0.25160305511572023,0.2448565000941084
0.22398784623419155,0.2325781774883564,0.23658725465741137,0.24484451515458813,0.24389165687322062,0.24899427873282182,0.24793990297380952,0.24666986639260974,0.25160305511572023,0.2448565000941084,0.24326265751963994,0.26055199654508776,0.2618953313436831,0.2521876132088505,0.24994196755597464
0.24899427873282182,0.24793990297380952,0.24666986639260974,0.25160305511572023,0.2448565000941084,0.24326265751963994,0.26055199654508776,0.2618953313436831,0.2521876132088505,0.24994196755597464,0.24050982383418515,0.24373644176634826,0.23676675364159527,0.24487534379303205,0.23785590510439159
0.24326265751963994,0.26055199654508776,0.2618953313436831,0.2521876132088505,0.24994196755597464,0.24050982383418515,0.24373644176634826,0.23676675364159527,0.24487534379303205,0.23785590510439159,0.2664263267010469,0.24830118958310643,0.2437640085292649,0.24445949091339408,0.23481603040654098
0.24050982383418515,0.24373644176634826,0.23676675364159527,0.24487534379303205,0.23785590510439159,0.2664263267010469,0.24830118958310643,0.2437640085292649,0.24445949091339408,0.23481603040654098,0.25502455008503483,0.2746787491241591,0.2503779047150992,0.2612058596356817,0.2394302355473123
0.2664263267010469,0.24830118958310643,0.2437640085292649,0.24445949091339408,0.23481603040654098,0.25502455008503483,0.2746787491241591,0.2503779047150992,0.2612058596356817,0.2394302355473123,0.25388349376350616,0.2551435623176509,0.24834206027440173,0.21856150014327502,0.23258944917125765
0.25502455008503483,0.2746787491241591,0.2503779047150992,0.2612058596356817,0.2394302355473123,0.25388349376350616,0.2551435623176509,0.24834206027440173,0.21856150014327502,0.23258944917125765,0.24503566888906103,0.24147350399788733,0.2310295605501527,0.2268787083973629,0.23371125197389486
0.25388349376350616,0.2551435623176509,0.24834206027440173,0.21856150014327502,0.23258944917125765,0.24503566888906103,0.24147350399788733,0.2310295605501527,0.2268787083973629,0.23371125197389486,0.22965267930083372,0.23175458027010787,0.22812350840971324,0.2423295823282795,0.24267721732007247
0.24503566888906103,0.24147350399788733,0.2310295605501527,0.2268787083973629,0.23371125197389486,0.22965267930083372,0.23175458027010787,0.22812350840971324,0.2423295823282795,0.24267721732007247,0.2457921658509394,0.22800695080967526,0.23572202782424773,0.24498525661046205,0.2352403182868302
0.22965267930083372,0.23175458027010787,0.22812350840971324,0.2423295823282795,0.24267721732007247,0.2457921658509394,0.22800695080967526,0.23572202782424773,0.24498525661046205,0.2352403182868302,0.25285799217568705,0.2590901563431035,0.24333630322613603,0.25269636381574895,0.2413858636667106
0.2457921658509394,0.22800695080967526,0.23572202782424773,0.24498525661046205,0.2352403182868302,0.25285799217568705,0.2590901563431035,0.24333630322613603,0.25269636381574895,0.2413858636667106,0.264875787370862,0.26317889880953005,0.2591293289812964,0.24145554304440756,0.2614408510822058
0.25285799217568705,0.2590901563431035,0.24333630322613603,0.25269636381574895,0.2413858636667106,0.264875787370862,0.26317889880953005,0.2591293289812964,0.24145554304440756,0.2614408510822058,0.24406201972754116,0.23351088719990967,0.25211326269884904,0.24437303236543706,0.25090006585113234
0.264875787370862,0.26317889880953005,0.2591293289812964,0.24145554304440756,0.2614408510822058,0.24406201972754116,0.23351088719990967,0.25211326269884904,0.24437303236543706,0.25090006585113234,0.2676266917309799,0.23339698530228764,0.2409561625320486,0.232607177519643,0.22441123281297284
0.24406201972754116,0.23351088719990967,0.25211326269884904,0.24437303236543706,0.25090006585113234,0.2676266917309799,0.23339698530228764,0.2409561625320486,0.232607177519643,0.22441123281297284,0.21680056724873276,0.24355841054822208,0.2435759888192941,0.25465935557937713,0.24406320526629194
0.2676266917309799,0.23339698530228764,0.2409561625320486,0.232607177519643,0.22441123281297284,0.21680056724873276,0.24355841054822208,0.2435759888192941,0.25465935557937713,0.24406320526629194,0.2503045587050151,0.25409099384321754,0.2524444235579698,0.23910497270158274,0.2286406175320348
0.21680056724873276,0.24355841054822208,0.2435759888192941,0.25465935557937713,0.24406320526629194,0.2503045587050151,0.25409099384321754,0.2524444235579698,0.23910497270158274,0.2286406175320348,0.22894479668889883,0.24433911441149397,0.24418146187170642,0.23150030842189923,0.2475349164295608
0.2503045587050151,0.25409099384321754,0.2524444235579698,0.23910497270158274,0.2286406175320348,0.22894479668889883,0.24433911441149397,0.24418146187170642,0.23150030842189923,0.2475349164295608,0.2633441278403804,0.261696876725628,0.2597818397016949,0.266533618567855,0.2899137802864845
0.22894479668889883,0.24433911441149397,0.24418146187170642,0.23150030842189923,0.2475349164295608,0.2633441278403804,0.261696876725628,0.2597818397016949,0.266533618567855,0.2899137802864845,0.30074460905941636,0.27656995606416446,0.26960857103307834,0.260436386871958,0.23951689859206907
0.2633441278403804,0.261696876725628,0.2597818397016949,0.266533618567855,0.2899137802864845,0.30074460905941636,0.27656995606416446,0.26960857103307834,0.260436386871958,0.23951689859206907,0.24178807867118024,0.25224066369816167,0.22739206805225176,0.24414121912847017,0.23101667800071868
0.30074460905941636,0.27656995606416446,0.26960857103307834,0.260436386871958,0.23951689859206907,0.24178807867118024,0.25224066369816167,0.22739206805225176,0.24414121912847017,0.23101667800071868,0.23788532725217754,0.2496025949645574,0.23832779905733437,0.2542791990601479,0.09164834746175013
0.24178807867118024,0.25224066369816167,0.22739206805225176,0.24414121912847017,0.23101667800071868,0.23788532725217754,0.2496025949645574,0.23832779905733437,0.2542791990601479,0.09164834746175013,0.12530545251914363,0.20574895841339952,0.22949895300265072,0.22667136374746677,0.22777433463515057
0.23788532725217754,0.2496025949645574,0.23832779905733437,0.2542791990601479,0.09164834746175013,0.12530545251914363,0.20574895841339952,0.22949895300265072,0.22667136374746677,0.22777433463515057,0.2387528284727923,0.2398991651749679,0.24672987153742837,0.23837056188989347,0.2284826754059801
0.12530545251914363,0.20574895841339952,0.22949895300265072,0.22667136374746677,0.22777433463515057,0.2387528284727923,0.2398991651749679,0.24672987153742837,0.23837056188989347,0.2284826754059801,0.2184381781162968,0.22202541320599256,0.22197233053707593,0.21830683732710485,0.21915975912453645
0.2387528284727923,0.2398991651749679,0.24672987153742837,0.23837056188989347,0.2284826754059801,0.2184381781162968,0.22202541320599256,0.22197233053707593,0.21830683732710485,0.21915975912453645,0.2173139774839518,0.22060642576024936,0.21607050680279824,0.25843937659326466,0.26996212186721485
0.2184381781162968,0.22202541320599256,0.22197233053707593,0.21830683732710485,0.21915975912453645,0.2173139774839518,0.22060642576024936,0.21607050680279824,0.25843937659326466,0.26996212186721485,0.26650066096967306,0.26551598205292776,0.25820251434243124,0.26449062362347725,0.2685519846228955
0.2173139774839518,0.22060642576024936,0.21607050680279824,0.25843937659326466,0.26996212186721485,0.26650066096967306,0.26551598205292776,0.25820251434243124,0.26449062362347725,0.2685519846228955,0.25270484382774755,0.22237727653223627,0.21924199524748472,0.2264226923330408,0.21933473643023818
0.26650066096967306,0.26551598205292776,0.25820251434243124,0.26449062362347725,0.2685519846228955,0.25270484382774755,0.22237727653223627,0.21924199524748472,0.2264226923330408,0.21933473643023818,0.24422534973540935,0.23565904672563365,0.20767109668686123,0.2172389425282013,0.22868522317455048
0.25270484382774755,0.22237727653223627,0.21924199524748472,0.2264226923330408,0.21933473643023818,0.24422534973540935,0.23565904672563365,0.20767109668686123,0.2172389425282013,0.22868522317455048,0.23021589551201532,0.2348654966528738,0.2935239456797601,0.2760580733505591,0.24022280381684802
0.24422534973540935,0.23565904672563365,0.20767109668686123,0.2172389425282013,0.22868522317455048,0.23021589551201532,0.2348654966528738,0.2935239456797601,0.2760580733505591,0.24022280381684802,0.23934296935928384,0.24403188379691443,0.22182113947423263,0.2129264422391587,0.20911514434285614
0.23021589551201532,0.2348654966528738,0.2935239456797601,0.2760580733505591,0.24022280381684802,0.23934296935928384,0.24403188379691443,0.22182113947423263,0.2129264422391587,0.20911514434285614,0.2127481326465815,0.2499972396042484,0.2499972396042484,0.2509262187976094,0.214923291331252
0.23934296935928384,0.24403188379691443,0.22182113947423263,0.2129264422391587,0.20911514434285614,0.2127481326465815,0.2499972396042484,0.2499972396042484,0.2509262187976094,0.214923291331252,0.21545771662581442,0.20436002786342353,0.1627481777169524,0.16728900331495167,0.2401243513149917
0.2127481326465815,0.2499972396042484,0.2499972396042484,0.2509262187976094,0.214923291331252,0.21545771662581442,0.20436002786342353,0.1627481777169524,0.16728900331495167,0.2401243513149917,0.2658872979377028,0.27156304612367715,0.27885822360478174,0.29185624536554866,0.2922038796280282
0.21545771662581442,0.20436002786342353,0.1627481777169524,0.16728900331495167,0.2401243513149917,0.2658872979377028,0.27156304612367715,0.27885822360478174,0.29185624536554866,0.2922038796280282,0.301082539435254,0.33486073241578995,0.3248072665151154,0.34167604109516925,0.3444801233137583
0.2658872979377028,0.27156304612367715,0.27885822360478174,0.29185624536554866,0.2922038796280282,0.301082539435254,0.33486073241578995,0.3248072665151154,0.34167604109516925,0.3444801233137583,0.34453352612698346,0.3416832032562236,0.3139569950786615,0.30291865067969137,0.06791265622730108
0.301082539435254,0.33486073241578995,0.3248072665151154,0.34167604109516925,0.3444801233137583,0.34453352612698346,0.3416832032562236,0.3139569950786615,0.30291865067969137,0.06791265622730108,0.18769212004568347,0.24783886709635605,0.2794662093851269,0.2663169902148927,0.2650514296402093
0.34453352612698346,0.3416832032562236,0.3139569950786615,0.30291865067969137,0.06791265622730108,0.18769212004568347,0.24783886709635605,0.2794662093851269,0.2663169902148927,0.2650514296402093,0.28068827657249606,0.2888114276413088,0.2872230277375435,0.2944711698051984,0.31357823041299654
0.18769212004568347,0.24783886709635605,0.2794662093851269,0.2663169902148927,0.2650514296402093,0.28068827657249606,0.2888114276413088,0.2872230277375435,0.2944711698051984,0.31357823041299654,0.3152706878836894,0.3254218409855827,0.3133381538488045,0.331513384813765,0.3321865608142331
0.28068827657249606,0.2888114276413088,0.2872230277375435,0.2944711698051984,0.31357823041299654,0.3152706878836894,0.3254218409855827,0.3133381538488045,0.331513384813765,0.3321865608142331,0.31906774961679496,0.3489489392615958,0.35462301254124545,0.3479465960185563,0.3555062921391485
0.3152706878836894,0.3254218409855827,0.3133381538488045,0.331513384813765,0.3321865608142331,0.31906774961679496,0.3489489392615958,0.35462301254124545,0.3479465960185563,0.3555062921391485,0.35894075110439255,0.3604782881145714,0.35302250871479895,0.1599797164170746,0.12021789105328451
0.31906774961679496,0.3489489392615958,0.35462301254124545,0.3479465960185563,0.3555062921391485,0.35894075110439255,0.3604782881145714,0.35302250871479895,0.1599797164170746,0.12021789105328451,0.26980634197981634,0.3095233779653912,0.3150979801508773,0.33206015005067313,0.3453222764992878
0.35894075110439255,0.3604782881145714,0.35302250871479895,0.1599797164170746,0.12021789105328451,0.26980634197981634,0.3095233779653912,0.3150979801508773,0.33206015005067313,0.3453222764992878,0.33185160826902005,0.3454347434595413,0.3324501470509822,0.3565098539549979,0.3769923804411248
0.26980634197981634,0.3095233779653912,0.3150979801508773,0.33206015005067313,0.3453222764992878,0.33185160826902005,0.3454347434595413,0.3324501470509822,0.3565098539549979,0.3769923804411248,0.3455382973284755,0.3749462567525027,0.39478357620059357,0.3901366390842777,0.4133867070239711
0.33185160826902005,0.3454347434595413,0.3324501470509822,0.3565098539549979,0.3769923804411248,0.3455382973284755,0.3749462567525027,0.39478357620059357,0.3901366390842777,0.4133867070239711,0.4059086582326443,0.4217122614595828,0.4298921277154495,0.43531727212168975,0.39947434019651484
0.3455382973284755,0.3749462567525027,0.39478357620059357,0.3901366390842777,0.4133867070239711,0.4059086582326443,0.4217122614595828,0.4298921277154495,0.43531727212168975,0.39947434019651484,0.40593901891090656,0.3966047881235873,0.3911786651519902,0.38110332920267287,0.38073996541483823
0.4059086582326443,0.4217122614595828,0.4298921277154495,0.43531727212168975,0.39947434019651484,0.40593901891090656,0.3966047881235873,0.3911786651519902,0.38110332920267287,0.38073996541483823,0.35646884249952127,0.3297576180387952,0.3475581234794103,0.33237574470885867,0.3330567340510917
0.40593901891090656,0.3966047881235873,0.3911786651519902,0.38110332920267287,0.38073996541483823,0.35646884249952127,0.3297576180387952,0.3475581234794103,0.33237574470885867,0.3330567340510917,0.32285371933189333,0.3329103153815658,0.34071692004494225,0.35682280909573416,0.25951714916183855
0.35646884249952127,0.3297576180387952,0.3475581234794103,0.33237574470885867,0.3330567340510917,0.32285371933189333,0.3329103153815658,0.34071692004494225,0.35682280909573416,0.25951714916183855,0.17414035816741055,0.29331168843727073,0.2986996504982674,0.33224358192145576,0.3362537099252616
0.32285371933189333,0.3329103153815658,0.34071692004494225,0.35682280909573416,0.25951714916183855,0.17414035816741055,0.29331168843727073,0.2986996504982674,0.33224358192145576,0.3362537099252616,0.32865162011394417,0.3407266014340403,0.3617793767025352,0.3504596132326273,0.33646597878771134
0.17414035816741055,0.29331168843727073,0.2986996504982674,0.33224358192145576,0.3362537099252616,0.32865162011394417,0.3407266014340403,0.3617793767025352,0.3504596132326273,0.33646597878771134,0.3083238478742413,0.2961543169348596,0.31718315423882115,0.29368274896197266,0.28261521640383325
0.32865162011394417,0.3407266014340403,0.3617793767025352,0.3504596132326273,0.33646597878771134,0.3083238478742413,0.2961543169348596,0.31718315423882115,0.29368274896197266,0.28261521640383325,0.3093885237158104,0.3044005586723193,0.34861577429456936,0.3427389682431331,0.3720434245562333
0.3083238478742413,0.2961543169348596,0.31718315423882115,0.29368274896197266,0.28261521640383325,0.3093885237158104,0.3044005586723193,0.34861577429456936,0.3427389682431331,0.3720434245562333,0.363184146431551,0.3658628538528246,0.3709769655152595,0.3669290236447055,0.364249969706656
0.3093885237158104,0.3044005586723193,0.34861577429456936,0.3427389682431331,0.3720434245562333,0.363184146431551,0.3658628538528246,0.3709769655152595,0.3669290236447055,0.364249969706656,0.34092025467516907,0.29483903455165206,0.18498359742929743,0.2374648376053642,0.24676267307915625
0.363184146431551,0.3658628538528246,0.3709769655152595,0.3669290236447055,0.364249969706656,0.34092025467516907,0.29483903455165206,0.18498359742929743,0.2374648376053642,0.24676267307915625,0.22599086638776217,0.22237728670335577,0.22760159619101722,0.19766020663399236,0.18493671102002546
0.34092025467516907,0.29483903455165206,0.18498359742929743,0.2374648376053642,0.24676267307915625,0.22599086638776217,0.22237728670335577,0.22760159619101722,0.19766020663399236,0.18493671102002546,0.22993973910124907,0.21415956135933395,0.2035015819528944,0.2410791739374401,0.23817049082473907
0.22599086638776217,0.22237728670335577,0.22760159619101722,0.19766020663399236,0.18493671102002546,0.22993973910124907,0.21415956135933395,0.2035015819528944,0.2410791739374401,0.23817049082473907,0.25234193141772604,0.27016509462485416,0.2687579455063778,0.2656091981327954,0.27219700014277776
0.22993973910124907,0.21415956135933395,0.2035015819528944,0.2410791739374401,0.23817049082473907,0.25234193141772604,0.27016509462485416,0.2687579455063778,0.2656091981327954,0.27219700014277776,0.2652042529726594,0.2583771384676612,0.27226356245997985,0.25123508016948726,0.24685110924293652
0.25234193141772604,0.27016509462485416,0.2687579455063778,0.2656091981327954,0.27219700014277776,0.2652042529726594,0.2583771384676612,0.27226356245997985,0.25123508016948726,0.24685110924293652,0.2441225071314554,0.27354131805095583,0.2897068176394063,0.31002055236669035,0.3335429523615726
0.2652042529726594,0.2583771384676612,0.27226356245997985,0.25123508016948726,0.24685110924293652,0.2441225071314554,0.27354131805095583,0.2897068176394063,0.31002055236669035,0.3335429523615726,0.3285228955246121,0.32400055619359214,0.32794957080249276,0.3388092303309325,0.3237574883273212
0.2441225071314554,0.27354131805095583,0.2897068176394063,0.31002055236669035,0.3335429523615726,0.3285228955246121,0.32400055619359214,0.32794957080249276,0.3388092303309325,0.3237574883273212,0.3170551991660595,0.33646721822196174,0.3298645237525507,0.3419218481012182,0.34153224511593205
0.3285228955246121,0.32400055619359214,0.32794957080249276,0.3388092303309325,0.3237574883273212,0.3170551991660595,0.33646721822196174,0.3298645237525507,0.3419218481012182,0.34153224511593205,0.3347141387575068,0.31942219689611695,0.3100634572966162,0.3096412520095726,0.2977422843312858
0.3170551991660595,0.33646721822196174,0.3298645237525507,0.3419218481012182,0.34153224511593205,0.3347141387575068,0.31942219689611695,0.3100634572966162,0.3096412520095726,0.2977422843312858,0.24766964720958407,0.22238551355433234,0.23082862629348783,0.22363366539458826,0.2161312108585212
