0.1344973828011723,0.12046217780128543,0.13872341740070807,0.09555608085372275,0.11687457131780973
0.1344973828011723,0.12046217780128543,0.13872341740070807,0.09555608085372275,0.11687457131780973,0.09829250295068381,0.113251385478647,0.11070291266524665,0.11875719461574288,0.12049830172105558
0.1344973828011723,0.12046217780128543,0.13872341740070807,0.09555608085372275,0.11687457131780973,0.09829250295068381,0.113251385478647,0.11070291266524665,0.11875719461574288,0.12049830172105558,0.12139508890048742,0.12510178337828498,0.14088419225980545,0.15272804018871142,0.1509010148149092
0.09829250295068381,0.113251385478647,0.11070291266524665,0.11875719461574288,0.12049830172105558,0.12139508890048742,0.12510178337828498,0.14088419225980545,0.15272804018871142,0.1509010148149092,0.13533276669189914,0.1310368848321914,0.13310399507503293,0.13145134399584768,0.13426102691930986
0.12139508890048742,0.12510178337828498,0.14088419225980545,0.15272804018871142,0.1509010148149092,0.13533276669189914,0.1310368848321914,0.13310399507503293,0.13145134399584768,0.13426102691930986,0.12075064710836494,0.1415079979974745,0.1451439559555477,0.14822094741595435,0.12614550093102628
0.13533276669189914,0.1310368848321914,0.13310399507503293,0.13145134399584768,0.13426102691930986,0.12075064710836494,0.1415079979974745,0.1451439559555477,0.14822094741595435,0.12614550093102628,0.1369869168418685,0.14757995127638004,0.14883311034217023,0.13953600433285393,0.15247928870251476
0.12075064710836494,0.1415079979974745,0.1451439559555477,0.14822094741595435,0.12614550093102628,0.1369869168418685,0.14757995127638004,0.14883311034217023,0.13953600433285393,0.15247928870251476,0.1387753262869621,0.1404840656432125,0.12810738981161154,0.1477384573570049,0.14345680242706554
0.1369869168418685,0.14757995127638004,0.14883311034217023,0.13953600433285393,0.15247928870251476,0.1387753262869621,0.1404840656432125,0.12810738981161154,0.1477384573570049,0.14345680242706554,0.14012278418468743,0.15907141734910513,0.13748479240158035,0.16116562930326267,0.14368183239216165
0.1387753262869621,0.1404840656432125,0.12810738981161154,0.1477384573570049,0.14345680242706554,0.14012278418468743,0.15907141734910513,0.13748479240158035,0.16116562930326267,0.14368183239216165,0.16688523842301822,0.17457184098997244,0.1725967153788201,0.17105946886774584,0.17765988776320774
0.14012278418468743,0.15907141734910513,0.13748479240158035,0.16116562930326267,0.14368183239216165,0.16688523842301822,0.17457184098997244,0.1725967153788201,0.17105946886774584,0.17765988776320774,0.12512323270158293,0.13625254124164765,0.1693797905939431,0.20484171115366945,0.21684462989976416
0.16688523842301822,0.17457184098997244,0.1725967153788201,0.17105946886774584,0.17765988776320774,0.12512323270158293,0.13625254124164765,0.1693797905939431,0.20484171115366945,0.21684462989976416,0.2255602330498605,0.207518846994553,0.18577590097426083,0.051829595357165206,0.13248398026309832
0.12512323270158293,0.13625254124164765,0.1693797905939431,0.20484171115366945,0.21684462989976416,0.2255602330498605,0.207518846994553,0.18577590097426083,0.051829595357165206,0.13248398026309832,0.12769276033090982,0.14006361705356762,0.10737294585538179,0.11520518813595561,0.141515922064826
0.2255602330498605,0.207518846994553,0.18577590097426083,0.051829595357165206,0.13248398026309832,0.12769276033090982,0.14006361705356762,0.10737294585538179,0.11520518813595561,0.141515922064826,0.14681461872050722,0.1340108617467224,0.1035000688629619,0.06871486381329187,0.11278753805797194
0.12769276033090982,0.14006361705356762,0.10737294585538179,0.11520518813595561,0.141515922064826,0.14681461872050722,0.1340108617467224,0.1035000688629619,0.06871486381329187,0.11278753805797194,0.1144544281217309,0.13296580404674513,0.12408495033561981,0.10461316091226451,0.10718243875888114
0.14681461872050722,0.1340108617467224,0.1035000688629619,0.06871486381329187,0.11278753805797194,0.1144544281217309,0.13296580404674513,0.12408495033561981,0.10461316091226451,0.10718243875888114,0.12310402233815754,0.09663132807077188,0.13375896935411122,0.1367982262890919,0.10347476136421724
0.1144544281217309,0.13296580404674513,0.12408495033561981,0.10461316091226451,0.10718243875888114,0.12310402233815754,0.09663132807077188,0.13375896935411122,0.1367982262890919,0.10347476136421724,0.11183061126591858,0.12936521610254936,0.12365000028671445,0.11386266120729355,0.10230922032239757
0.12310402233815754,0.09663132807077188,0.13375896935411122,0.1367982262890919,0.10347476136421724,0.11183061126591858,0.12936521610254936,0.12365000028671445,0.11386266120729355,0.10230922032239757,0.09923000113215336,0.10508790663298162,0.09563394209310322,0.10644742561445503,0.09988041284903354
0.11183061126591858,0.12936521610254936,0.12365000028671445,0.11386266120729355,0.10230922032239757,0.09923000113215336,0.10508790663298162,0.09563394209310322,0.10644742561445503,0.09988041284903354,0.10977227151897995,0.11589176927873451,0.1326376489991913,0.07265625338477041,0.08764225610365337
0.09923000113215336,0.10508790663298162,0.09563394209310322,0.10644742561445503,0.09988041284903354,0.10977227151897995,0.11589176927873451,0.1326376489991913,0.07265625338477041,0.08764225610365337,0.10369264582871848,0.10205836320012346,0.11365889920339142,0.12592991892396838,0.1488056913599179
0.10977227151897995,0.11589176927873451,0.1326376489991913,0.07265625338477041,0.08764225610365337,0.10369264582871848,0.10205836320012346,0.11365889920339142,0.12592991892396838,0.1488056913599179,0.133094242725729,0.14998411382936,0.1727487125927482,0.05590393501860902,0.07269582094936257
0.10369264582871848,0.10205836320012346,0.11365889920339142,0.12592991892396838,0.1488056913599179,0.133094242725729,0.14998411382936,0.1727487125927482,0.05590393501860902,0.07269582094936257,0.1198437266051098,0.18676078745614602,0.18856547445823338,0.17444750258988523,0.17854634490964064
0.133094242725729,0.14998411382936,0.1727487125927482,0.05590393501860902,0.07269582094936257,0.1198437266051098,0.18676078745614602,0.18856547445823338,0.17444750258988523,0.17854634490964064,0.18253269262908278,0.202295049941628,0.19168872597193204,0.1977079169773746,0.2093713757007023
0.1198437266051098,0.18676078745614602,0.18856547445823338,0.17444750258988523,0.17854634490964064,0.18253269262908278,0.202295049941628,0.19168872597193204,0.1977079169773746,0.2093713757007023,0.19280341846291904,0.1993461887484579,0.1843587268468316,0.184219056337538,0.190046551661973
0.18253269262908278,0.202295049941628,0.19168872597193204,0.1977079169773746,0.2093713757007023,0.19280341846291904,0.1993461887484579,0.1843587268468316,0.184219056337538,0.190046551661973,0.05183650919476685,0.08270982929221173,0.10731842920393608,0.08812080366354175,0.12370811515053089
0.19280341846291904,0.1993461887484579,0.1843587268468316,0.184219056337538,0.190046551661973,0.05183650919476685,0.08270982929221173,0.10731842920393608,0.08812080366354175,0.12370811515053089,0.10839649609386819,0.12764690873928242,0.1417004694206523,0.18060432376398428,0.18698715287607925
0.05183650919476685,0.08270982929221173,0.10731842920393608,0.08812080366354175,0.12370811515053089,0.10839649609386819,0.12764690873928242,0.1417004694206523,0.18060432376398428,0.18698715287607925,0.1761710089432172,0.1707826404443314,0.14926962338890354,0.1575228712405992,0.1878450400487669
0.10839649609386819,0.12764690873928242,0.1417004694206523,0.18060432376398428,0.18698715287607925,0.1761710089432172,0.1707826404443314,0.14926962338890354,0.1575228712405992,0.1878450400487669,0.16221080023232312,0.1552124750279658,0.14623695896060043,0.13709113692022346,0.16089057244661642
0.1761710089432172,0.1707826404443314,0.14926962338890354,0.1575228712405992,0.1878450400487669,0.16221080023232312,0.1552124750279658,0.14623695896060043,0.13709113692022346,0.16089057244661642,0.15626223321925148,0.13869142084073055,0.14982593398310062,0.13113011463929475,0.1216149308046369
0.16221080023232312,0.1552124750279658,0.14623695896060043,0.13709113692022346,0.16089057244661642,0.15626223321925148,0.13869142084073055,0.14982593398310062,0.13113011463929475,0.1216149308046369,0.1343438606124973,0.07412284830962966,0.12814171865383484,0.14354557189980305,0.1512384652814031
0.15626223321925148,0.13869142084073055,0.14982593398310062,0.13113011463929475,0.1216149308046369,0.1343438606124973,0.07412284830962966,0.12814171865383484,0.14354557189980305,0.1512384652814031,0.154886292433,0.15597040743895477,0.1315968118071619,0.14510220684858005,0.14702766178122895
0.1343438606124973,0.07412284830962966,0.12814171865383484,0.14354557189980305,0.1512384652814031,0.154886292433,0.15597040743895477,0.1315968118071619,0.14510220684858005,0.14702766178122895,0.14869052409875907,0.1573046714063993,0.1565621814480514,0.16286209119667563,0.1495566331124364
0.154886292433,0.15597040743895477,0.1315968118071619,0.14510220684858005,0.14702766178122895,0.14869052409875907,0.1573046714063993,0.1565621814480514,0.16286209119667563,0.1495566331124364,0.13740851476248764,0.1514603194915864,0.15898434461800393,0.1644369440581807,0.1377819721044333
0.14869052409875907,0.1573046714063993,0.1565621814480514,0.16286209119667563,0.1495566331124364,0.13740851476248764,0.1514603194915864,0.15898434461800393,0.1644369440581807,0.1377819721044333,0.06693507105514573,0.14169977192884742,0.1664462323158628,0.1647843290908166,0.14541903584619836
0.13740851476248764,0.1514603194915864,0.15898434461800393,0.1644369440581807,0.1377819721044333,0.06693507105514573,0.14169977192884742,0.1664462323158628,0.1647843290908166,0.14541903584619836,0.12446694252545631,0.13124373061716285,0.15858536254224603,0.1848885440522576,0.1764902750506923
0.06693507105514573,0.14169977192884742,0.1664462323158628,0.1647843290908166,0.14541903584619836,0.12446694252545631,0.13124373061716285,0.15858536254224603,0.1848885440522576,0.1764902750506923,0.15649187951481452,0.13425727221741907,0.11785575532036172,0.14016651439364414,0.13425524550254123
0.12446694252545631,0.13124373061716285,0.15858536254224603,0.1848885440522576,0.1764902750506923,0.15649187951481452,0.13425727221741907,0.11785575532036172,0.14016651439364414,0.13425524550254123,0.16835929862823396,0.16459663404454994,0.15953899787395603,0.16691532953565974,0.14706914793377812
0.15649187951481452,0.13425727221741907,0.11785575532036172,0.14016651439364414,0.13425524550254123,0.16835929862823396,0.16459663404454994,0.15953899787395603,0.16691532953565974,0.14706914793377812,0.16573347284668835,0.15450200764776392,0.13953021989468112,0.1381214500205214,0.1496788446423325
0.16835929862823396,0.16459663404454994,0.15953899787395603,0.16691532953565974,0.14706914793377812,0.16573347284668835,0.15450200764776392,0.13953021989468112,0.1381214500205214,0.1496788446423325,0.14911649821195705,0.1479508123771195,0.15010712130914536,0.15268464936353665,0.1397610077793704
0.16573347284668835,0.15450200764776392,0.13953021989468112,0.1381214500205214,0.1496788446423325,0.14911649821195705,0.1479508123771195,0.15010712130914536,0.15268464936353665,0.1397610077793704,0.12902104521121652,0.15042372720490105,0.16363173217994853,0.15289709421568412,0.13494478513042893
0.14911649821195705,0.1479508123771195,0.15010712130914536,0.15268464936353665,0.1397610077793704,0.12902104521121652,0.15042372720490105,0.16363173217994853,0.15289709421568412,0.13494478513042893,0.17563141375138763,0.17455089975439814,0.16321646174149057,0.1654346915337272,0.15282922827599288
0.12902104521121652,0.15042372720490105,0.16363173217994853,0.15289709421568412,0.13494478513042893,0.17563141375138763,0.17455089975439814,0.16321646174149057,0.1654346915337272,0.15282922827599288,0.1619770904113256,0.18460857089859778,0.20251239003526728,0.1597545120188426,0.034574928701458806
0.17563141375138763,0.17455089975439814,0.16321646174149057,0.1654346915337272,0.15282922827599288,0.1619770904113256,0.18460857089859778,0.20251239003526728,0.1597545120188426,0.034574928701458806,0.10198957249218552,0.13377394487767968,0.14451875837305111,0.15989549743988213,0.1842150588604143
0.1619770904113256,0.18460857089859778,0.20251239003526728,0.1597545120188426,0.034574928701458806,0.10198957249218552,0.13377394487767968,0.14451875837305111,0.15989549743988213,0.1842150588604143,0.18766975975145947,0.1779650588604143,0.1789508618274701,0.18127208240969017,0.1896161434675528
0.10198957249218552,0.13377394487767968,0.14451875837305111,0.15989549743988213,0.1842150588604143,0.18766975975145947,0.1779650588604143,0.1789508618274701,0.18127208240969017,0.1896161434675528,0.1704591888555791,0.15466455320041278,0.17892074608345637,0.14080515109701103,0.09592537704429108
0.18766975975145947,0.1779650588604143,0.1789508618274701,0.18127208240969017,0.1896161434675528,0.1704591888555791,0.15466455320041278,0.17892074608345637,0.14080515109701103,0.09592537704429108,0.13960820686856018,0.14160563813204619,0.10875379151559567,0.14551963476975913,0.1348965502152988
0.1704591888555791,0.15466455320041278,0.17892074608345637,0.14080515109701103,0.09592537704429108,0.13960820686856018,0.14160563813204619,0.10875379151559567,0.14551963476975913,0.1348965502152988,0.14811277990249871,0.10045787403693274,0.1279807101206456,0.09224955350135741,0.07706707116843495
0.13960820686856018,0.14160563813204619,0.10875379151559567,0.14551963476975913,0.1348965502152988,0.14811277990249871,0.10045787403693274,0.1279807101206456,0.09224955350135741,0.07706707116843495,0.08494934591781954,0.11486218957997246,0.09534272530795682,0.12864767539899075,0.12721501430440618
0.14811277990249871,0.10045787403693274,0.1279807101206456,0.09224955350135741,0.07706707116843495,0.08494934591781954,0.11486218957997246,0.09534272530795682,0.12864767539899075,0.12721501430440618,0.1370195093943681,0.1373972798104089,0.12015416511820348,0.10977657246481129,0.11141649906355407
0.08494934591781954,0.11486218957997246,0.09534272530795682,0.12864767539899075,0.12721501430440618,0.1370195093943681,0.1373972798104089,0.12015416511820348,0.10977657246481129,0.11141649906355407,0.10574428744936339,0.11197898218316049,0.11424681323811844,0.09796167865521507,0.11019702783474353
0.1370195093943681,0.1373972798104089,0.12015416511820348,0.10977657246481129,0.11141649906355407,0.10574428744936339,0.11197898218316049,0.11424681323811844,0.09796167865521507,0.11019702783474353,0.054225922900943385,0.0983051534906102,0.13135393925870434,0.13466856726738244,0.14057498670681728
0.10574428744936339,0.11197898218316049,0.11424681323811844,0.09796167865521507,0.11019702783474353,0.054225922900943385,0.0983051534906102,0.13135393925870434,0.13466856726738244,0.14057498670681728,0.12919023569610644,0.13553935420418006,0.12820231564839815,0.13120536561692886,0.13295306885673955
0.054225922900943385,0.0983051534906102,0.13135393925870434,0.13466856726738244,0.14057498670681728,0.12919023569610644,0.13553935420418006,0.12820231564839815,0.13120536561692886,0.13295306885673955,0.13694886554164282,0.11629832568639453,0.14526741922321185,0.14179305611307783,0.1397228254379971
0.12919023569610644,0.13553935420418006,0.12820231564839815,0.13120536561692886,0.13295306885673955,0.13694886554164282,0.11629832568639453,0.14526741922321185,0.14179305611307783,0.1397228254379971,0.11627363094642218,0.12576381826779104,0.15236900999750236,0.1453157613075287,0.1398336802569457
0.13694886554164282,0.11629832568639453,0.14526741922321185,0.14179305611307783,0.1397228254379971,0.11627363094642218,0.12576381826779104,0.15236900999750236,0.1453157613075287,0.1398336802569457,0.1417027645870687,0.164115888549565,0.14786855752909764,0.142603974651342,0.12345009586378922
0.11627363094642218,0.12576381826779104,0.15236900999750236,0.1453157613075287,0.1398336802569457,0.1417027645870687,0.164115888549565,0.14786855752909764,0.142603974651342,0.12345009586378922,0.09030756206987808,0.08705122330307398,0.07763005056741648,0.10455086365242784,0.0947226996872723
0.1417027645870687,0.164115888549565,0.14786855752909764,0.142603974651342,0.12345009586378922,0.09030756206987808,0.08705122330307398,0.07763005056741648,0.10455086365242784,0.0947226996872723,0.12337381919474172,0.11072818058418778,0.11851354496342104,0.11081539096962131,0.12909080010402943
0.09030756206987808,0.08705122330307398,0.07763005056741648,0.10455086365242784,0.0947226996872723,0.12337381919474172,0.11072818058418778,0.11851354496342104,0.11081539096962131,0.12909080010402943,0.08789482584846109,0.08345308947612412,0.08756962873944878,0.09616507202500416,0.0867477517838244
0.12337381919474172,0.11072818058418778,0.11851354496342104,0.11081539096962131,0.12909080010402943,0.08789482584846109,0.08345308947612412,0.08756962873944878,0.09616507202500416,0.0867477517838244,0.08447741101233941,0.11352279455552924,0.10367318041988369,0.10829189246137068,0.10549294954110744
0.08789482584846109,0.08345308947612412,0.08756962873944878,0.09616507202500416,0.0867477517838244,0.08447741101233941,0.11352279455552924,0.10367318041988369,0.10829189246137068,0.10549294954110744,0.08315703973214439,0.08528294654908009,0.0982941111080327,0.10021734206720923,0.10695667575581935
0.08447741101233941,0.11352279455552924,0.10367318041988369,0.10829189246137068,0.10549294954110744,0.08315703973214439,0.08528294654908009,0.0982941111080327,0.10021734206720923,0.10695667575581935,0.11785992008955724,0.11593819469842243,0.11009783341806309,0.08857200168946323,0.09967819015793404
0.08315703973214439,0.08528294654908009,0.0982941111080327,0.10021734206720923,0.10695667575581935,0.11785992008955724,0.11593819469842243,0.11009783341806309,0.08857200168946323,0.09967819015793404,0.09811429180079528,0.10811359568631101,0.11377801600452377,0.10448362329419444,0.13698168284151582
0.11785992008955724,0.11593819469842243,0.11009783341806309,0.08857200168946323,0.09967819015793404,0.09811429180079528,0.10811359568631101,0.11377801600452377,0.10448362329419444,0.13698168284151582,0.14701852452816602,0.07097559190020028,0.1322833792302976,0.14489352720749496,0.1592601073091232
0.09811429180079528,0.10811359568631101,0.11377801600452377,0.10448362329419444,0.13698168284151582,0.14701852452816602,0.07097559190020028,0.1322833792302976,0.14489352720749496,0.1592601073091232,0.11343327960928859,0.10769480869226139,0.1112570292518358,0.12717646130574659,0.14201397442958522
0.14701852452816602,0.07097559190020028,0.1322833792302976,0.14489352720749496,0.1592601073091232,0.11343327960928859,0.10769480869226139,0.1112570292518358,0.12717646130574659,0.14201397442958522,0.12539813315361156,0.13754204566469042,0.14472169124713313,0.04927428867358828,0.05716472396750551
0.11343327960928859,0.10769480869226139,0.1112570292518358,0.12717646130574659,0.14201397442958522,0.12539813315361156,0.13754204566469042,0.14472169124713313,0.04927428867358828,0.05716472396750551,0.09042766481816582,0.08229486988839288,0.07596048076343122,0.08443139288976417,0.11737585026983013
0.12539813315361156,0.13754204566469042,0.14472169124713313,0.04927428867358828,0.05716472396750551,0.09042766481816582,0.08229486988839288,0.07596048076343122,0.08443139288976417,0.11737585026983013,0.10057555050703341,0.10082536986371088,0.11308056134930047,0.09874545640999507,0.11101302937325991
0.09042766481816582,0.08229486988839288,0.07596048076343122,0.08443139288976417,0.11737585026983013,0.10057555050703341,0.10082536986371088,0.11308056134930047,0.09874545640999507,0.11101302937325991,0.10535578244574606,0.10460794332612885,0.06714101519976633,0.03709329356837192,0.033799559633462053
0.10057555050703341,0.10082536986371088,0.11308056134930047,0.09874545640999507,0.11101302937325991,0.10535578244574606,0.10460794332612885,0.06714101519976633,0.03709329356837192,0.033799559633462053,0.06230045220293108,0.07539084875592779,0.08374135667034363,0.09820275196032245,0.14082727365877484
0.10535578244574606,0.10460794332612885,0.06714101519976633,0.03709329356837192,0.033799559633462053,0.06230045220293108,0.07539084875592779,0.08374135667034363,0.09820275196032245,0.14082727365877484,0.12244277069439083,0.07638963437091176,0.08939021807986758,0.11838918659663583,0.12532048550334646
0.06230045220293108,0.07539084875592779,0.08374135667034363,0.09820275196032245,0.14082727365877484,0.12244277069439083,0.07638963437091176,0.08939021807986758,0.11838918659663583,0.12532048550334646,0.12555188004291812,0.1439477899195511,0.14243970188632898,0.13640691728256302,0.1195729751614358
0.12244277069439083,0.07638963437091176,0.08939021807986758,0.11838918659663583,0.12532048550334646,0.12555188004291812,0.1439477899195511,0.14243970188632898,0.13640691728256302,0.1195729751614358,0.12257101515089569,0.1365867286409049,0.13391974368447657,0.1276088112676676,0.10538985249839924
0.12555188004291812,0.1439477899195511,0.14243970188632898,0.13640691728256302,0.1195729751614358,0.12257101515089569,0.1365867286409049,0.13391974368447657,0.1276088112676676,0.10538985249839924,0.08651471174856265,0.10606006088961445,0.13250433320611532,0.141116086106242,0.13543747217436783
0.12257101515089569,0.1365867286409049,0.13391974368447657,0.1276088112676676,0.10538985249839924,0.08651471174856265,0.10606006088961445,0.13250433320611532,0.141116086106242,0.13543747217436783,0.15570290773749973,0.14379389036339663,0.1562043285420202,0.10635419200638724,0.04860775533512173
0.08651471174856265,0.10606006088961445,0.13250433320611532,0.141116086106242,0.13543747217436783,0.15570290773749973,0.14379389036339663,0.1562043285420202,0.10635419200638724,0.04860775533512173,0.3152153444442406,0.3876278187003866,0.40087203898943713,0.35544555758258756,0.0683523631111441
0.15570290773749973,0.14379389036339663,0.1562043285420202,0.10635419200638724,0.04860775533512173,0.3152153444442406,0.3876278187003866,0.40087203898943713,0.35544555758258756,0.0683523631111441,0.06009842228036902,0.10146836635559,0.13231562377854705,0.17192895007359313,0.15211952793448802
0.3152153444442406,0.3876278187003866,0.40087203898943713,0.35544555758258756,0.0683523631111441,0.06009842228036902,0.10146836635559,0.13231562377854705,0.17192895007359313,0.15211952793448802,0.1420517256609701,0.11727681259621914,0.11194940515604512,0.1326702387910294,0.11044385776335133
0.06009842228036902,0.10146836635559,0.13231562377854705,0.17192895007359313,0.15211952793448802,0.1420517256609701,0.11727681259621914,0.11194940515604512,0.1326702387910294,0.11044385776335133,0.12603804349106643,0.11473228684605763,0.06353101395305391,0.03298012724736827,0.12571543159575913
0.1420517256609701,0.11727681259621914,0.11194940515604512,0.1326702387910294,0.11044385776335133,0.12603804349106643,0.11473228684605763,0.06353101395305391,0.03298012724736827,0.12571543159575913,0.12369818959606146,0.12894115063650297,0.1435585540139862,0.13729640705617463,0.12208986076181322
0.12603804349106643,0.11473228684605763,0.06353101395305391,0.03298012724736827,0.12571543159575913,0.12369818959606146,0.12894115063650297,0.1435585540139862,0.13729640705617463,0.12208986076181322,0.11848044571220052,0.10839853678212967,0.1191490431827256,0.13988346121502304,0.11441048128810488
0.12369818959606146,0.12894115063650297,0.1435585540139862,0.13729640705617463,0.12208986076181322,0.11848044571220052,0.10839853678212967,0.1191490431827256,0.13988346121502304,0.11441048128810488,0.12034952772141845,0.13423533183985314,0.11922576143502467,0.13446800667709252,0.14652662863679647
0.11848044571220052,0.10839853678212967,0.1191490431827256,0.13988346121502304,0.11441048128810488,0.12034952772141845,0.13423533183985314,0.11922576143502467,0.13446800667709252,0.14652662863679647,0.1559662663723605,0.12306562301358577,0.12912066409308903,0.1307600723403768,0.13882996386705937
0.12034952772141845,0.13423533183985314,0.11922576143502467,0.13446800667709252,0.14652662863679647,0.1559662663723605,0.12306562301358577,0.12912066409308903,0.1307600723403768,0.13882996386705937,0.14019341995090073,0.13333285326563665,0.09705995786903654,0.14197737949334138,0.1467514979639551
0.1559662663723605,0.12306562301358577,0.12912066409308903,0.1307600723403768,0.13882996386705937,0.14019341995090073,0.13333285326563665,0.09705995786903654,0.14197737949334138,0.1467514979639551,0.1484335560853402,0.14588060675612358,0.1417338227887014,0.12080207591705826,0.14062583389222547
0.14019341995090073,0.13333285326563665,0.09705995786903654,0.14197737949334138,0.1467514979639551,0.1484335560853402,0.14588060675612358,0.1417338227887014,0.12080207591705826,0.14062583389222547,0.13784234289022532,0.1366948975677208,0.13804613435423724,0.1498669551860237,0.12906210445762364
0.1484335560853402,0.14588060675612358,0.1417338227887014,0.12080207591705826,0.14062583389222547,0.13784234289022532,0.1366948975677208,0.13804613435423724,0.1498669551860237,0.12906210445762364,0.11287746386340526,0.1328073907871438,0.14423922620524657,0.13579191723217585,0.15629104236622798
0.13784234289022532,0.1366948975677208,0.13804613435423724,0.1498669551860237,0.12906210445762364,0.11287746386340526,0.1328073907871438,0.14423922620524657,0.13579191723217585,0.15629104236622798,0.1519616233375912,0.1519616233375912,0.1478894429767546,0.14423922620524657,0.1643717523329986
0.11287746386340526,0.1328073907871438,0.14423922620524657,0.13579191723217585,0.15629104236622798,0.1519616233375912,0.1519616233375912,0.1478894429767546,0.14423922620524657,0.1643717523329986,0.17345219380821317,0.1699990197519272,0.1718009220726503,0.17258866015148822,0.1561499757530307
0.1519616233375912,0.1519616233375912,0.1478894429767546,0.14423922620524657,0.1643717523329986,0.17345219380821317,0.1699990197519272,0.1718009220726503,0.17258866015148822,0.1561499757530307,0.12135772255776534,0.14017595885428938,0.1373412365558196,0.13533580708714854,0.15718971838804044
0.17345219380821317,0.1699990197519272,0.1718009220726503,0.17258866015148822,0.1561499757530307,0.12135772255776534,0.14017595885428938,0.1373412365558196,0.13533580708714854,0.15718971838804044,0.10102323962004105,0.11772068137568296,0.1522045823502001,0.18657617448128605,0.1478366076116417
0.12135772255776534,0.14017595885428938,0.1373412365558196,0.13533580708714854,0.15718971838804044,0.10102323962004105,0.11772068137568296,0.1522045823502001,0.18657617448128605,0.1478366076116417,0.17354527028697347,0.15035959115341474,0.14749409994291857,0.14852936950470635,0.04647081338873306
0.10102323962004105,0.11772068137568296,0.1522045823502001,0.18657617448128605,0.1478366076116417,0.17354527028697347,0.15035959115341474,0.14749409994291857,0.14852936950470635,0.04647081338873306,0.039607541738768154,0.12453674647550295,0.14375089270467928,0.16327279305286785,0.16908604475893863
0.17354527028697347,0.15035959115341474,0.14749409994291857,0.14852936950470635,0.04647081338873306,0.039607541738768154,0.12453674647550295,0.14375089270467928,0.16327279305286785,0.16908604475893863,0.12298550441930334,0.13956797416404249,0.10957758339102729,0.1164171919680668,0.12657445850894217
0.039607541738768154,0.12453674647550295,0.14375089270467928,0.16327279305286785,0.16908604475893863,0.12298550441930334,0.13956797416404249,0.10957758339102729,0.1164171919680668,0.12657445850894217,0.13799302505141542,0.1396286779103109,0.12599623570519947,0.14849212728829037,0.14451355195958154
0.12298550441930334,0.13956797416404249,0.10957758339102729,0.1164171919680668,0.12657445850894217,0.13799302505141542,0.1396286779103109,0.12599623570519947,0.14849212728829037,0.14451355195958154,0.143501293451011,0.13100681251233603,0.14492150911278812,0.1559135012928896,0.1386425439289524
0.13799302505141542,0.1396286779103109,0.12599623570519947,0.14849212728829037,0.14451355195958154,0.143501293451011,0.13100681251233603,0.14492150911278812,0.1559135012928896,0.1386425439289524,0.13087718601340878,0.15804170623229763,0.16318518624869544,0.1524516802846467,0.1459260429516493
0.143501293451011,0.13100681251233603,0.14492150911278812,0.1559135012928896,0.1386425439289524,0.13087718601340878,0.15804170623229763,0.16318518624869544,0.1524516802846467,0.1459260429516493,0.15846146861782417,0.11925138461133777,0.15704961317040195,0.15163398535946138,0.1562976707497225
0.13087718601340878,0.15804170623229763,0.16318518624869544,0.1524516802846467,0.1459260429516493,0.15846146861782417,0.11925138461133777,0.15704961317040195,0.15163398535946138,0.1562976707497225,0.14227944682506116,0.11096215530682879,0.13141767722731845,0.13189217880681617,0.15073042165133882
0.15846146861782417,0.11925138461133777,0.15704961317040195,0.15163398535946138,0.1562976707497225,0.14227944682506116,0.11096215530682879,0.13141767722731845,0.13189217880681617,0.15073042165133882,0.15074233806346388,0.15713130699979466,0.15480710943549994,0.1644676306572658,0.13696367212846328
0.14227944682506116,0.11096215530682879,0.13141767722731845,0.13189217880681617,0.15073042165133882,0.15074233806346388,0.15713130699979466,0.15480710943549994,0.1644676306572658,0.13696367212846328,0.12601256017687096,0.12508055655297334,0.024840889112855667,0.055265699317255584,0.09881842118758719
0.15074233806346388,0.15713130699979466,0.15480710943549994,0.1644676306572658,0.13696367212846328,0.12601256017687096,0.12508055655297334,0.024840889112855667,0.055265699317255584,0.09881842118758719,0.14062513431380735,0.1484103663244764,0.16007511242155673,0.1616756958553472,0.14529983028017554
0.12601256017687096,0.12508055655297334,0.024840889112855667,0.055265699317255584,0.09881842118758719,0.14062513431380735,0.1484103663244764,0.16007511242155673,0.1616756958553472,0.14529983028017554,0.12229614741222879,0.12134878521572187,0.12424463644567857,0.12582473635551636,0.15545519960115084
0.14062513431380735,0.1484103663244764,0.16007511242155673,0.1616756958553472,0.14529983028017554,0.12229614741222879,0.12134878521572187,0.12424463644567857,0.12582473635551636,0.15545519960115084,0.12602656195976747,0.12556537817678645,0.08990803284019275,0.09446182562746495,0.12250432519339349
0.12229614741222879,0.12134878521572187,0.12424463644567857,0.12582473635551636,0.15545519960115084,0.12602656195976747,0.12556537817678645,0.08990803284019275,0.09446182562746495,0.12250432519339349,0.12225229968989926,0.1608521406767531,0.11990206142507645,0.13032600396476968,0.12227431822607256
0.12602656195976747,0.12556537817678645,0.08990803284019275,0.09446182562746495,0.12250432519339349,0.12225229968989926,0.1608521406767531,0.11990206142507645,0.13032600396476968,0.12227431822607256,0.14191390217892347,0.054551257513973966,0.0548532345494076,0.11755606060475625,0.12056894397019048
0.12225229968989926,0.1608521406767531,0.11990206142507645,0.13032600396476968,0.12227431822607256,0.14191390217892347,0.054551257513973966,0.0548532345494076,0.11755606060475625,0.12056894397019048,0.1513038911009054,0.1476144559368367,0.15204404218983986,0.13581181874343765,0.11561160359244432
0.14191390217892347,0.054551257513973966,0.0548532345494076,0.11755606060475625,0.12056894397019048,0.1513038911009054,0.1476144559368367,0.15204404218983986,0.13581181874343765,0.11561160359244432,0.12087378377074035,0.14437497541559463,0.16502611496789332,0.14361772952489413,0.04139983892971964
0.1513038911009054,0.1476144559368367,0.15204404218983986,0.13581181874343765,0.11561160359244432,0.12087378377074035,0.14437497541559463,0.16502611496789332,0.14361772952489413,0.04139983892971964,0.1067199385778578,0.15895567663081567,0.1378077010514242,0.12552840262371373,0.1174237344097866
0.12087378377074035,0.14437497541559463,0.16502611496789332,0.14361772952489413,0.04139983892971964,0.1067199385778578,0.15895567663081567,0.1378077010514242,0.12552840262371373,0.1174237344097866,0.09231508334716912,0.10664586018249245,0.10253962611469258,0.14104665161711616,0.15242387215926106
0.1067199385778578,0.15895567663081567,0.1378077010514242,0.12552840262371373,0.1174237344097866,0.09231508334716912,0.10664586018249245,0.10253962611469258,0.14104665161711616,0.15242387215926106,0.1534896112743787,0.11970514003097577,0.11970514003097577,0.11979886303601292,0.10452382990307327
0.09231508334716912,0.10664586018249245,0.10253962611469258,0.14104665161711616,0.15242387215926106,0.1534896112743787,0.11970514003097577,0.11970514003097577,0.11979886303601292,0.10452382990307327,0.09260727699705856,0.103667360583871,0.07930355334458081,0.11057792838504163,0.11408669854048833
0.1534896112743787,0.11970514003097577,0.11970514003097577,0.11979886303601292,0.10452382990307327,0.09260727699705856,0.103667360583871,0.07930355334458081,0.11057792838504163,0.11408669854048833,0.12325073534183574,0.14949302779723045,0.12232206770759077,0.12476475479833497,0.103797803838408
0.09260727699705856,0.103667360583871,0.07930355334458081,0.11057792838504163,0.11408669854048833,0.12325073534183574,0.14949302779723045,0.12232206770759077,0.12476475479833497,0.103797803838408,0.0972559480976253,0.07233301526427978,0.09799067821806515,0.10100592482671124,0.10077956952395989
0.12325073534183574,0.14949302779723045,0.12232206770759077,0.12476475479833497,0.103797803838408,0.0972559480976253,0.07233301526427978,0.09799067821806515,0.10100592482671124,0.10077956952395989,0.08940228308418992,0.10402841094857941,0.09844714062634324,0.10534650501367912,0.08942149806432848
0.0972559480976253,0.07233301526427978,0.09799067821806515,0.10100592482671124,0.10077956952395989,0.08940228308418992,0.10402841094857941,0.09844714062634324,0.10534650501367912,0.08942149806432848,0.10998021084480458,0.11197356300459504,0.12517921299764545,0.1384491458882971,0.10157734336796703
0.08940228308418992,0.10402841094857941,0.09844714062634324,0.10534650501367912,0.08942149806432848,0.10998021084480458,0.11197356300459504,0.12517921299764545,0.1384491458882971,0.10157734336796703,0.1210660953268218,0.12301382518466522,0.11661313937697601,0.11996784674201841,0.11132200954698923
0.10998021084480458,0.11197356300459504,0.12517921299764545,0.1384491458882971,0.10157734336796703,0.1210660953268218,0.12301382518466522,0.11661313937697601,0.11996784674201841,0.11132200954698923,0.12187642824882189,0.1176838562892728,0.10305382781043368,0.08828043288164147,0.0520012826706701
0.1210660953268218,0.12301382518466522,0.11661313937697601,0.11996784674201841,0.11132200954698923,0.12187642824882189,0.1176838562892728,0.10305382781043368,0.08828043288164147,0.0520012826706701,0.07861764081816366,0.08724421392551485,0.07947249659911587,0.08238220132343851,0.09961522139221576
0.12187642824882189,0.1176838562892728,0.10305382781043368,0.08828043288164147,0.0520012826706701,0.07861764081816366,0.08724421392551485,0.07947249659911587,0.08238220132343851,0.09961522139221576,0.10460794332612885,0.09345252615118468,0.08244538108033514,0.06341919892956702,0.10058640119161937
0.07861764081816366,0.08724421392551485,0.07947249659911587,0.08238220132343851,0.09961522139221576,0.10460794332612885,0.09345252615118468,0.08244538108033514,0.06341919892956702,0.10058640119161937,0.10849320993616715,0.0888604297055115,0.0903930588859178,0.09327546050662774,0.09129162920331838
0.10460794332612885,0.09345252615118468,0.08244538108033514,0.06341919892956702,0.10058640119161937,0.10849320993616715,0.0888604297055115,0.0903930588859178,0.09327546050662774,0.09129162920331838,0.10993431943791121,0.10519997890609195,0.09434035508757482,0.10166643626060778,0.095031577773874
0.10849320993616715,0.0888604297055115,0.0903930588859178,0.09327546050662774,0.09129162920331838,0.10993431943791121,0.10519997890609195,0.09434035508757482,0.10166643626060778,0.095031577773874,0.08617142082131218,0.0831641864174783,0.09872294998403705,0.09256402275234243,0.08034504176523898
0.10993431943791121,0.10519997890609195,0.09434035508757482,0.10166643626060778,0.095031577773874,0.08617142082131218,0.0831641864174783,0.09872294998403705,0.09256402275234243,0.08034504176523898,0.09670314533121596,0.09837274490136841,0.12178520710610793,0.11175672917653218,0.11447843378416755
0.08617142082131218,0.0831641864174783,0.09872294998403705,0.09256402275234243,0.08034504176523898,0.09670314533121596,0.09837274490136841,0.12178520710610793,0.11175672917653218,0.11447843378416755,0.09838498271054465,0.09793396617155488,0.09914918350926125,0.10093480709596889,0.11099094312463291
0.09670314533121596,0.09837274490136841,0.12178520710610793,0.11175672917653218,0.11447843378416755,0.09838498271054465,0.09793396617155488,0.09914918350926125,0.10093480709596889,0.11099094312463291,0.0932428955033158,0.07708074692434323,0.07874253836775925,0.08946959016827778,0.10013830471320109
0.09838498271054465,0.09793396617155488,0.09914918350926125,0.10093480709596889,0.11099094312463291,0.0932428955033158,0.07708074692434323,0.07874253836775925,0.08946959016827778,0.10013830471320109,0.08437743011938661,0.09161378106802873,0.10022581525557553,0.07685273231026069,0.09798710333295171
0.0932428955033158,0.07708074692434323,0.07874253836775925,0.08946959016827778,0.10013830471320109,0.08437743011938661,0.09161378106802873,0.10022581525557553,0.07685273231026069,0.09798710333295171,0.09262783509127741,0.11142685757604336,0.1009870248177063,0.11103168488758079,0.07777320741812639
0.08437743011938661,0.09161378106802873,0.10022581525557553,0.07685273231026069,0.09798710333295171,0.09262783509127741,0.11142685757604336,0.1009870248177063,0.11103168488758079,0.07777320741812639,0.09387683590885179,0.07903237275242928,0.10000942109441353,0.0964133556561499,0.10692519285519611
0.09262783509127741,0.11142685757604336,0.1009870248177063,0.11103168488758079,0.07777320741812639,0.09387683590885179,0.07903237275242928,0.10000942109441353,0.0964133556561499,0.10692519285519611,0.10297540195751811,0.07234517654217505,0.08723793961943774,0.11017840679586371,0.09728633276299858
0.09387683590885179,0.07903237275242928,0.10000942109441353,0.0964133556561499,0.10692519285519611,0.10297540195751811,0.07234517654217505,0.08723793961943774,0.11017840679586371,0.09728633276299858,0.10668449549642434,0.12669078085013402,0.09763286433661958,0.08577631967986396,0.1134573984696099
0.10297540195751811,0.07234517654217505,0.08723793961943774,0.11017840679586371,0.09728633276299858,0.10668449549642434,0.12669078085013402,0.09763286433661958,0.08577631967986396,0.1134573984696099,0.09944616428755088,0.0873301536080898,0.13173243205095703,0.12046837789369538,0.11574308875798406
0.10668449549642434,0.12669078085013402,0.09763286433661958,0.08577631967986396,0.1134573984696099,0.09944616428755088,0.0873301536080898,0.13173243205095703,0.12046837789369538,0.11574308875798406,0.12590984920196538,0.11116253426480233,0.09975801202405998,0.09127183661647953,0.10757517818434364
0.09944616428755088,0.0873301536080898,0.13173243205095703,0.12046837789369538,0.11574308875798406,0.12590984920196538,0.11116253426480233,0.09975801202405998,0.09127183661647953,0.10757517818434364,0.09587014684604639,0.10606642591226459,0.10109627690151014,0.08125323272103305,0.08504113935308115
0.12590984920196538,0.11116253426480233,0.09975801202405998,0.09127183661647953,0.10757517818434364,0.09587014684604639,0.10606642591226459,0.10109627690151014,0.08125323272103305,0.08504113935308115,0.08422013163717557,0.09041979159816765,0.10012507590483327,0.1111506823027625,0.11325517005341781
0.09587014684604639,0.10606642591226459,0.10109627690151014,0.08125323272103305,0.08504113935308115,0.08422013163717557,0.09041979159816765,0.10012507590483327,0.1111506823027625,0.11325517005341781,0.09411404867107256,0.10357474704471917,0.1073314133002807,0.09937046921916855,0.09764310268035375
0.08422013163717557,0.09041979159816765,0.10012507590483327,0.1111506823027625,0.11325517005341781,0.09411404867107256,0.10357474704471917,0.1073314133002807,0.09937046921916855,0.09764310268035375,0.11406292529951825,0.10313206254774024,0.11270678886298827,0.09495165774187894,0.07934581073428912
0.09411404867107256,0.10357474704471917,0.1073314133002807,0.09937046921916855,0.09764310268035375,0.11406292529951825,0.10313206254774024,0.11270678886298827,0.09495165774187894,0.07934581073428912,0.09437500954876218,0.1089768760909875,0.11251332299425726,0.0831684661143752,0.10983273236088179
0.11406292529951825,0.10313206254774024,0.11270678886298827,0.09495165774187894,0.07934581073428912,0.09437500954876218,0.1089768760909875,0.11251332299425726,0.0831684661143752,0.10983273236088179,0.08848317765631958,0.10259080355558109,0.07741624318622635,0.07930921509633237,0.09069841398157472
0.09437500954876218,0.1089768760909875,0.11251332299425726,0.0831684661143752,0.10983273236088179,0.08848317765631958,0.10259080355558109,0.07741624318622635,0.07930921509633237,0.09069841398157472,0.10228767357673597,0.10073684482584294,0.08746484317209346,0.07572620990408824,0.07842637009294315
0.08848317765631958,0.10259080355558109,0.07741624318622635,0.07930921509633237,0.09069841398157472,0.10228767357673597,0.10073684482584294,0.08746484317209346,0.07572620990408824,0.07842637009294315,0.06606497007014196,0.1027756137600111,0.09033107468550666,0.1207534899712693,0.09839944613639211
0.10228767357673597,0.10073684482584294,0.08746484317209346,0.07572620990408824,0.07842637009294315,0.06606497007014196,0.1027756137600111,0.09033107468550666,0.1207534899712693,0.09839944613639211,0.10261237651215635,0.11323361018000641,0.10600938731215931,0.08450731871796194,0.0879320926014254
0.06606497007014196,0.1027756137600111,0.09033107468550666,0.1207534899712693,0.09839944613639211,0.10261237651215635,0.11323361018000641,0.10600938731215931,0.08450731871796194,0.0879320926014254,0.12357209695173052,0.1208995477664076,0.12618928962124748,0.11322152181176375,0.09152881869110269
0.10261237651215635,0.11323361018000641,0.10600938731215931,0.08450731871796194,0.0879320926014254,0.12357209695173052,0.1208995477664076,0.12618928962124748,0.11322152181176375,0.09152881869110269,0.0817189026235404,0.10377678645105387,0.12145759008684032,0.0668633805542473,0.06843244397289118
0.12357209695173052,0.1208995477664076,0.12618928962124748,0.11322152181176375,0.09152881869110269,0.0817189026235404,0.10377678645105387,0.12145759008684032,0.0668633805542473,0.06843244397289118,0.07236000932309603,0.08048716130403508,0.0815396765135013,0.10426527684541942,0.11966158828291426
0.0817189026235404,0.10377678645105387,0.12145759008684032,0.0668633805542473,0.06843244397289118,0.07236000932309603,0.08048716130403508,0.0815396765135013,0.10426527684541942,0.11966158828291426,0.11407329515535598,0.0998264430081411,0.09249444227751258,0.09108671486352268,0.09608696298893724
0.07236000932309603,0.08048716130403508,0.0815396765135013,0.10426527684541942,0.11966158828291426,0.11407329515535598,0.0998264430081411,0.09249444227751258,0.09108671486352268,0.09608696298893724,0.06510213021643307,0.03997480099445061,0.0472427410989338,0.06398646670087828,0.0738558961780084
0.11407329515535598,0.0998264430081411,0.09249444227751258,0.09108671486352268,0.09608696298893724,0.06510213021643307,0.03997480099445061,0.0472427410989338,0.06398646670087828,0.0738558961780084,0.10862753075648357,0.11036123717418635,0.07251802349077147,0.06255175372034844,0.0705898256864347
0.06510213021643307,0.03997480099445061,0.0472427410989338,0.06398646670087828,0.0738558961780084,0.10862753075648357,0.11036123717418635,0.07251802349077147,0.06255175372034844,0.0705898256864347,0.07913904637067432,0.08556556063842893,0.09832024515209854,0.06791536749617387,0.1009332799616896
0.10862753075648357,0.11036123717418635,0.07251802349077147,0.06255175372034844,0.0705898256864347,0.07913904637067432,0.08556556063842893,0.09832024515209854,0.06791536749617387,0.1009332799616896,0.09830644651568361,0.08850662100449402,0.07755046553842704,0.07407499796627104,0.09468738152138714
0.07913904637067432,0.08556556063842893,0.09832024515209854,0.06791536749617387,0.1009332799616896,0.09830644651568361,0.08850662100449402,0.07755046553842704,0.07407499796627104,0.09468738152138714,0.07791915356578716,0.08324700709228289,0.07535485041720472,0.09931847201924943,0.07366530282744113
0.09830644651568361,0.08850662100449402,0.07755046553842704,0.07407499796627104,0.09468738152138714,0.07791915356578716,0.08324700709228289,0.07535485041720472,0.09931847201924943,0.07366530282744113,0.09807536126722814,0.08383000558935096,0.07339190774273402,0.08980423740543501,0.09456965450198238
0.07791915356578716,0.08324700709228289,0.07535485041720472,0.09931847201924943,0.07366530282744113,0.09807536126722814,0.08383000558935096,0.07339190774273402,0.08980423740543501,0.09456965450198238,0.08679256270693887,0.08810711077009994,0.08518493337836967,0.07841386047042612,0.08470819852955348
0.09807536126722814,0.08383000558935096,0.07339190774273402,0.08980423740543501,0.09456965450198238,0.08679256270693887,0.08810711077009994,0.08518493337836967,0.07841386047042612,0.08470819852955348,0.08317606855144358,0.06893089886524717,0.07169865980772816,0.08718649357847905,0.08314026001601466
0.08679256270693887,0.08810711077009994,0.08518493337836967,0.07841386047042612,0.08470819852955348,0.08317606855144358,0.06893089886524717,0.07169865980772816,0.08718649357847905,0.08314026001601466,0.09652788148476202,0.0889063326629486,0.10420678016156151,0.08839890589803338,0.07728513623733159
0.08317606855144358,0.06893089886524717,0.07169865980772816,0.08718649357847905,0.08314026001601466,0.09652788148476202,0.0889063326629486,0.10420678016156151,0.08839890589803338,0.07728513623733159,0.08197274682026447,0.08141518446026848,0.07762270991495755,0.10676152171705826,0.10107799104152873
0.09652788148476202,0.0889063326629486,0.10420678016156151,0.08839890589803338,0.07728513623733159,0.08197274682026447,0.08141518446026848,0.07762270991495755,0.10676152171705826,0.10107799104152873,0.08913227107041387,0.09872132546661667,0.0868927692235835,0.11002858348763941,0.09915243846535537
0.08197274682026447,0.08141518446026848,0.07762270991495755,0.10676152171705826,0.10107799104152873,0.08913227107041387,0.09872132546661667,0.0868927692235835,0.11002858348763941,0.09915243846535537,0.09600564235037005,0.1056754093699913,0.1015402653481713,0.11480163270947778,0.07686558301703719
0.08913227107041387,0.09872132546661667,0.0868927692235835,0.11002858348763941,0.09915243846535537,0.09600564235037005,0.1056754093699913,0.1015402653481713,0.11480163270947778,0.07686558301703719,0.0906946028035086,0.10189470236662446,0.08624237703491955,0.108386286718377,0.10339959003476847
0.09600564235037005,0.1056754093699913,0.1015402653481713,0.11480163270947778,0.07686558301703719,0.0906946028035086,0.10189470236662446,0.08624237703491955,0.108386286718377,0.10339959003476847,0.08528541513908347,0.09925155794784371,0.11215567228391851,0.08972242094383617,0.10559324594526748
0.0906946028035086,0.10189470236662446,0.08624237703491955,0.108386286718377,0.10339959003476847,0.08528541513908347,0.09925155794784371,0.11215567228391851,0.08972242094383617,0.10559324594526748,0.10285884120759528,0.09511954382859157,0.09949051400840947,0.09727157870594358,0.1095105031710342
0.08528541513908347,0.09925155794784371,0.11215567228391851,0.08972242094383617,0.10559324594526748,0.10285884120759528,0.09511954382859157,0.09949051400840947,0.09727157870594358,0.1095105031710342,0.10490746878667125,0.10748205333070879,0.10846626736335518,0.09185330953104692,0.10478489220482345
0.10285884120759528,0.09511954382859157,0.09949051400840947,0.09727157870594358,0.1095105031710342,0.10490746878667125,0.10748205333070879,0.10846626736335518,0.09185330953104692,0.10478489220482345,0.10160007062528637,0.12172481124444183,0.12430970397853738,0.10861359783779702,0.08474739336491574
0.10490746878667125,0.10748205333070879,0.10846626736335518,0.09185330953104692,0.10478489220482345,0.10160007062528637,0.12172481124444183,0.12430970397853738,0.10861359783779702,0.08474739336491574,0.08631387416660338,0.07664586878866897,0.0835475275027956,0.0842351797366741,0.08257252007072154
0.10160007062528637,0.12172481124444183,0.12430970397853738,0.10861359783779702,0.08474739336491574,0.08631387416660338,0.07664586878866897,0.0835475275027956,0.0842351797366741,0.08257252007072154,0.08648601920306344,0.08957375397527792,0.08516036491034668,0.07825536388409429,0.09670314533121596
0.08631387416660338,0.07664586878866897,0.0835475275027956,0.0842351797366741,0.08257252007072154,0.08648601920306344,0.08957375397527792,0.08516036491034668,0.07825536388409429,0.09670314533121596,0.0735568896455564,0.0770007289332292,0.058094923235067764,0.07389651306409863,0.06514002587599885
0.08648601920306344,0.08957375397527792,0.08516036491034668,0.07825536388409429,0.09670314533121596,0.0735568896455564,0.0770007289332292,0.058094923235067764,0.07389651306409863,0.06514002587599885,0.07498802191057052,0.12201043079631296,0.07154166937762815,0.08228769923003534,0.09793646390450036
0.0735568896455564,0.0770007289332292,0.058094923235067764,0.07389651306409863,0.06514002587599885,0.07498802191057052,0.12201043079631296,0.07154166937762815,0.08228769923003534,0.09793646390450036,0.07375298323150567,0.08733823309878969,0.07461731655057088,0.0636471296646206,0.08470274827160856
0.07498802191057052,0.12201043079631296,0.07154166937762815,0.08228769923003534,0.09793646390450036,0.07375298323150567,0.08733823309878969,0.07461731655057088,0.0636471296646206,0.08470274827160856,0.1136104655091369,0.07886754927906381,0.08765410065561338,0.0870295756766382,0.08382373410703314
0.07375298323150567,0.08733823309878969,0.07461731655057088,0.0636471296646206,0.08470274827160856,0.1136104655091369,0.07886754927906381,0.08765410065561338,0.0870295756766382,0.08382373410703314,0.08302380097396467,0.10100357814662109,0.09382277353119209,0.11315882722260495,0.10810147937717915
0.1136104655091369,0.07886754927906381,0.08765410065561338,0.0870295756766382,0.08382373410703314,0.08302380097396467,0.10100357814662109,0.09382277353119209,0.11315882722260495,0.10810147937717915,0.0949474764014569,0.07958377292716368,0.072307796020862,0.10485378030948767,0.09383593847035257
0.08302380097396467,0.10100357814662109,0.09382277353119209,0.11315882722260495,0.10810147937717915,0.0949474764014569,0.07958377292716368,0.072307796020862,0.10485378030948767,0.09383593847035257,0.10677599190398307,0.10050928043809781,0.09811368469225912,0.09090241926958381,0.11495529486838599
0.0949474764014569,0.07958377292716368,0.072307796020862,0.10485378030948767,0.09383593847035257,0.10677599190398307,0.10050928043809781,0.09811368469225912,0.09090241926958381,0.11495529486838599,0.1070975167639728,0.13220237775161206,0.11556091042946945,0.10406637859068771,0.0764279394646021
0.10677599190398307,0.10050928043809781,0.09811368469225912,0.09090241926958381,0.11495529486838599,0.1070975167639728,0.13220237775161206,0.11556091042946945,0.10406637859068771,0.0764279394646021,0.12082498540861689,0.10638884124685496,0.09893890534227351,0.08293722280039709,0.08388729951008025
0.1070975167639728,0.13220237775161206,0.11556091042946945,0.10406637859068771,0.0764279394646021,0.12082498540861689,0.10638884124685496,0.09893890534227351,0.08293722280039709,0.08388729951008025,0.09305300412981585,0.1031219743858667,0.09841695610084558,0.09976925496688474,0.07773658381230647
0.12082498540861689,0.10638884124685496,0.09893890534227351,0.08293722280039709,0.08388729951008025,0.09305300412981585,0.1031219743858667,0.09841695610084558,0.09976925496688474,0.07773658381230647,0.08095849331690057,0.07879184312189887,0.07759654436232605,0.08427522505367563,0.08898791126602432
0.09305300412981585,0.1031219743858667,0.09841695610084558,0.09976925496688474,0.07773658381230647,0.08095849331690057,0.07879184312189887,0.07759654436232605,0.08427522505367563,0.08898791126602432,0.09289830835435023,0.10281792660633778,0.1030231763543352,0.1018622427449405,0.10586248264806769
0.08095849331690057,0.07879184312189887,0.07759654436232605,0.08427522505367563,0.08898791126602432,0.09289830835435023,0.10281792660633778,0.1030231763543352,0.1018622427449405,0.10586248264806769,0.08976789560950829,0.08963579271396428,0.09494896631926007,0.10231290927882743,0.08118714245943015
0.09289830835435023,0.10281792660633778,0.1030231763543352,0.1018622427449405,0.10586248264806769,0.08976789560950829,0.08963579271396428,0.09494896631926007,0.10231290927882743,0.08118714245943015,0.08415003905529744,0.10434230946133513,0.11891870918129663,0.11057017568320843,0.10523972896405617
0.08976789560950829,0.08963579271396428,0.09494896631926007,0.10231290927882743,0.08118714245943015,0.08415003905529744,0.10434230946133513,0.11891870918129663,0.11057017568320843,0.10523972896405617,0.10396410939698125,0.11943986434628467,0.11316853215559562,0.09765468216809053,0.09508610849366025
0.08415003905529744,0.10434230946133513,0.11891870918129663,0.11057017568320843,0.10523972896405617,0.10396410939698125,0.11943986434628467,0.11316853215559562,0.09765468216809053,0.09508610849366025,0.09180191572555862,0.10708165962779984,0.09912914586183388,0.0990543042595102,0.10845362769821504
0.10396410939698125,0.11943986434628467,0.11316853215559562,0.09765468216809053,0.09508610849366025,0.09180191572555862,0.10708165962779984,0.09912914586183388,0.0990543042595102,0.10845362769821504,0.09388093570172931,0.09357503871722794,0.10886994076072912,0.09816209743009516,0.09152419504618098
0.09180191572555862,0.10708165962779984,0.09912914586183388,0.0990543042595102,0.10845362769821504,0.09388093570172931,0.09357503871722794,0.10886994076072912,0.09816209743009516,0.09152419504618098,0.09526216105104837,0.11148207013799229,0.12125384673551604,0.11705072374105194,0.0881696808828063
0.09388093570172931,0.09357503871722794,0.10886994076072912,0.09816209743009516,0.09152419504618098,0.09526216105104837,0.11148207013799229,0.12125384673551604,0.11705072374105194,0.0881696808828063,0.09449806379422837,0.08729697841354847,0.08996579088298132,0.07390177291264517,0.08798994324486546
0.09526216105104837,0.11148207013799229,0.12125384673551604,0.11705072374105194,0.0881696808828063,0.09449806379422837,0.08729697841354847,0.08996579088298132,0.07390177291264517,0.08798994324486546,0.06656897201253122,0.05929762176925246,0.06990723738175879,0.06105038190705889,0.10292020038956681
